AccidentNumber,AccidentDate,Injury,Fatality,PropertyDamage,HitAndRun,CollisionType,Weather,Illumination,Precinct,,,,,,,
20220016438,1/12/2022,TRUE,FALSE,FALSE,FALSE,ANGLE,CLEAR,DAYLIGHT,HERMIT,,,,,,,
20220016545,1/12/2022,TRUE,FALSE,FALSE,FALSE,ANGLE,CLEAR,DAYLIGHT,HERMIT,,,,,,,
20220016579,1/12/2022,FALSE,FALSE,FALSE,FALSE,SIDESWIPE - SAME DIRECTION,CLEAR,DAYLIGHT,MIDTOW,,,,,,,
20220016657,1/12/2022,TRUE,FALSE,FALSE,FALSE,ANGLE,CLEAR,DAYLIGHT,HERMIT,,,,,,,
20220016713,1/12/2022,FALSE,FALSE,FALSE,FALSE,ANGLE,CLEAR,DARK - LIGHTED,MIDTOW,,,,,,,
20220016808,1/12/2022,TRUE,FALSE,FALSE,FALSE,NOT COLLISION W/MOTOR VEHICLE-TRANSPORT,CLEAR,DARK - NOT LIGHTED,HERMIT,,,,,,,
20220016821,1/12/2022,FALSE,FALSE,FALSE,FALSE,Front to Rear,CLEAR,DARK - LIGHTED,WEST,,,,,,,
20220016822,1/12/2022,FALSE,FALSE,FALSE,FALSE,SIDESWIPE - SAME DIRECTION,CLEAR,DAYLIGHT,HERMIT,,,,,,,
20220016837,1/12/2022,FALSE,FALSE,FALSE,TRUE,SIDESWIPE - OPPOSITE DIRECTION,CLEAR,DAYLIGHT,SOUTH,,,,,,,
20220016894,1/12/2022,FALSE,FALSE,FALSE,TRUE,ANGLE,CLEAR,DAYLIGHT,SOUTH,,,,,,,
20220016923,1/12/2022,FALSE,FALSE,FALSE,FALSE,ANGLE,CLEAR,DARK - LIGHTED,SOUTH,,,,,,,
20220016961,1/12/2022,TRUE,FALSE,FALSE,FALSE,Front to Rear,CLEAR,DARK - LIGHTED,MADISO,,,,,,,
20220016972,1/12/2022,TRUE,FALSE,FALSE,FALSE,NOT COLLISION W/MOTOR VEHICLE-TRANSPORT,CLEAR,DARK - LIGHTED,HERMIT,,,,,,,
20220017002,1/12/2022,FALSE,FALSE,FALSE,FALSE,Front to Rear,CLEAR,OTHER,EAST,,,,,,,
20220017037,1/12/2022,FALSE,FALSE,FALSE,FALSE,Front to Rear,CLEAR,DARK - LIGHTED,MIDTOW,,,,,,,
20220017105,1/12/2022,TRUE,FALSE,FALSE,FALSE,ANGLE,CLEAR,DARK - LIGHTED,CENTRA,,,,,,,
20220017142,1/12/2022,FALSE,FALSE,FALSE,FALSE,SIDESWIPE - SAME DIRECTION,CLEAR,DARK - LIGHTED,MADISO,,,,,,,
20220017155,1/12/2022,FALSE,FALSE,FALSE,FALSE,Front to Rear,CLEAR,DARK - LIGHTED,MADISO,,,,,,,
20220017168,1/12/2022,FALSE,FALSE,FALSE,TRUE,ANGLE,CLEAR,Dark-Unknown Lighting,HERMIT,,,,,,,
20220017226,1/7/2022,FALSE,FALSE,TRUE,FALSE,NOT COLLISION W/MOTOR VEHICLE-TRANSPORT,SNOW,DAYLIGHT,WEST,,,,,,,
20220017352,1/13/2022,FALSE,FALSE,FALSE,FALSE,SIDESWIPE - SAME DIRECTION,CLEAR,DARK - NOT LIGHTED,SOUTH,,,,,,,
20220017625,1/13/2022,FALSE,FALSE,FALSE,FALSE,ANGLE,CLEAR,DARK - NOT LIGHTED,HERMIT,,,,,,,
20220017644,1/13/2022,FALSE,FALSE,FALSE,FALSE,Front to Rear,CLEAR,DARK - LIGHTED,SOUTH,,,,,,,
20220017656,1/13/2022,TRUE,FALSE,FALSE,FALSE,HEAD-ON,CLEAR,DARK - LIGHTED,NORTH,,,,,,,
20220017839,1/13/2022,FALSE,FALSE,FALSE,FALSE,Front to Rear,CLEAR,DAYLIGHT,SOUTH,,,,,,,
20220017882,1/13/2022,FALSE,FALSE,FALSE,FALSE,SIDESWIPE - SAME DIRECTION,CLEAR,DAYLIGHT,MADISO,,,,,,,
20220017922,1/13/2022,TRUE,FALSE,FALSE,FALSE,Front to Rear,CLOUDY,DAYLIGHT,MIDTOW,,,,,,,
20220018007,1/13/2022,FALSE,FALSE,FALSE,FALSE,SIDESWIPE - SAME DIRECTION,CLEAR,DAYLIGHT,SOUTH,,,,,,,
20220018020,1/13/2022,TRUE,FALSE,FALSE,FALSE,ANGLE,CLEAR,DAYLIGHT,HERMIT,,,,,,,
20220018060,1/13/2022,TRUE,FALSE,FALSE,FALSE,Front to Rear,CLOUDY,DAYLIGHT,MIDTOW,,,,,,,
20220018112,1/13/2022,TRUE,FALSE,FALSE,FALSE,ANGLE,CLOUDY,DAYLIGHT,SOUTH,,,,,,,
20220018180,1/13/2022,FALSE,FALSE,FALSE,FALSE,SIDESWIPE - SAME DIRECTION,CLOUDY,DAYLIGHT,MIDTOW,,,,,,,
20220018244,1/13/2022,FALSE,FALSE,FALSE,FALSE,Front to Rear,CLOUDY,DAYLIGHT,HERMIT,,,,,,,
20220018250,1/13/2022,TRUE,FALSE,FALSE,FALSE,Front to Rear,RAIN,DAYLIGHT,NORTH,,,,,,,
20220018258,1/13/2022,FALSE,FALSE,FALSE,FALSE,ANGLE,RAIN,DAYLIGHT,MIDTOW,,,,,,,
20220018293,1/13/2022,FALSE,FALSE,FALSE,FALSE,ANGLE,CLOUDY,DAYLIGHT,HERMIT,,,,,,,
20220018386,1/13/2022,FALSE,FALSE,FALSE,TRUE,Front to Rear,CLEAR,DAYLIGHT,MADISO,,,,,,,
20220018444,1/13/2022,FALSE,FALSE,FALSE,FALSE,ANGLE,CLEAR,DAYLIGHT,SOUTH,,,,,,,
20220018496,1/13/2022,TRUE,FALSE,FALSE,FALSE,Front to Rear,CLEAR,DAYLIGHT,MADISO,,,,,,,
20220018499,1/13/2022,TRUE,FALSE,FALSE,FALSE,NOT COLLISION W/MOTOR VEHICLE-TRANSPORT,CLEAR,DAYLIGHT,SOUTH,,,,,,,
20220018503,1/13/2022,FALSE,FALSE,FALSE,FALSE,Front to Rear,CLEAR,DAYLIGHT,CENTRA,,,,,,,
20220018541,1/13/2022,FALSE,FALSE,FALSE,TRUE,Front to Rear,CLEAR,DARK - LIGHTED,MADISO,,,,,,,
20220018569,1/13/2022,FALSE,FALSE,FALSE,TRUE,ANGLE,CLEAR,DARK - NOT LIGHTED,SOUTH,,,,,,,
20220018594,1/13/2022,TRUE,FALSE,FALSE,FALSE,Front to Rear,CLEAR,DARK - NOT LIGHTED,SOUTH,,,,,,,
20220018618,1/13/2022,TRUE,FALSE,FALSE,FALSE,Front to Rear,CLEAR,DARK - LIGHTED,WEST,,,,,,,
20220018624,1/13/2022,FALSE,FALSE,FALSE,TRUE,Front to Rear,CLEAR,DUSK,MIDTOW,,,,,,,
20220018629,1/13/2022,FALSE,FALSE,FALSE,FALSE,OTHER,CLEAR,DARK - NOT LIGHTED,NORTH,,,,,,,
20220018632,1/13/2022,FALSE,FALSE,FALSE,FALSE,ANGLE,CLEAR,DARK - LIGHTED,CENTRA,,,,,,,
20220018643,1/13/2022,TRUE,FALSE,FALSE,FALSE,Front to Rear,CLOUDY,DARK - LIGHTED,MIDTOW,,,,,,,
20220018649,1/13/2022,TRUE,FALSE,FALSE,FALSE,HEAD-ON,CLEAR,DARK - LIGHTED,SOUTH,,,,,,,
20220018670,1/13/2022,FALSE,FALSE,FALSE,FALSE,ANGLE,CLEAR,DARK - LIGHTED,SOUTH,,,,,,,
20220018683,1/13/2022,FALSE,FALSE,FALSE,TRUE,SIDESWIPE - SAME DIRECTION,CLEAR,DARK - NOT LIGHTED,SOUTH,,,,,,,
20220018699,1/13/2022,TRUE,FALSE,FALSE,FALSE,ANGLE,CLEAR,DARK - LIGHTED,HERMIT,,,,,,,
20220018715,1/13/2022,FALSE,FALSE,FALSE,TRUE,HEAD-ON,CLEAR,DARK - LIGHTED,MIDTOW,,,,,,,
20220018727,1/13/2022,TRUE,FALSE,FALSE,TRUE,Front to Rear,CLEAR,DARK - LIGHTED,MADISO,,,,,,,
20220018736,1/13/2022,TRUE,FALSE,FALSE,FALSE,ANGLE,CLEAR,DARK - NOT LIGHTED,HERMIT,,,,,,,
20220018763,1/13/2022,FALSE,FALSE,FALSE,FALSE,ANGLE,CLEAR,DARK - LIGHTED,EAST,,,,,,,
20220018821,1/13/2022,TRUE,FALSE,FALSE,FALSE,ANGLE,CLEAR,DARK - NOT LIGHTED,SOUTH,,,,,,,
20220018823,1/13/2022,FALSE,FALSE,FALSE,FALSE,SIDESWIPE - SAME DIRECTION,CLEAR,DARK - LIGHTED,NORTH,,,,,,,
20220019028,1/14/2022,TRUE,FALSE,FALSE,FALSE,NOT COLLISION W/MOTOR VEHICLE-TRANSPORT,CLEAR,DARK - NOT LIGHTED,MIDTOW,,,,,,,
20220019109,1/14/2022,TRUE,FALSE,FALSE,FALSE,ANGLE,CLEAR,DARK - LIGHTED,NORTH,,,,,,,
20220019303,1/14/2022,FALSE,FALSE,FALSE,FALSE,HEAD-ON,CLEAR,DARK - NOT LIGHTED,HERMIT,,,,,,,
20220019346,1/14/2022,FALSE,FALSE,FALSE,FALSE,Front to Rear,CLEAR,DAWN,HERMIT,,,,,,,
20220019393,1/14/2022,FALSE,FALSE,FALSE,FALSE,SIDESWIPE - OPPOSITE DIRECTION,CLEAR,DAYLIGHT,CENTRA,,,,,,,
20220019427,1/14/2022,FALSE,FALSE,TRUE,FALSE,NOT COLLISION W/MOTOR VEHICLE-TRANSPORT,CLEAR,DAYLIGHT,SOUTH,,,,,,,
20220019458,1/14/2022,TRUE,FALSE,FALSE,FALSE,HEAD-ON,CLEAR,DAYLIGHT,HERMIT,,,,,,,
20220019476,1/14/2022,TRUE,FALSE,FALSE,FALSE,Front to Rear,CLEAR,DAYLIGHT,SOUTH,,,,,,,
20220019560,1/14/2022,FALSE,FALSE,FALSE,FALSE,SIDESWIPE - SAME DIRECTION,CLEAR,DAYLIGHT,SOUTH,,,,,,,
20220019586,1/14/2022,TRUE,FALSE,FALSE,FALSE,Front to Rear,CLEAR,DAYLIGHT,SOUTH,,,,,,,
20220019618,1/14/2022,TRUE,FALSE,FALSE,FALSE,Front to Rear,CLEAR,DAYLIGHT,CENTRA,,,,,,,
20220019662,1/14/2022,FALSE,FALSE,FALSE,FALSE,NOT COLLISION W/MOTOR VEHICLE-TRANSPORT,CLEAR,DAYLIGHT,CENTRA,,,,,,,
20220019674,1/14/2022,FALSE,FALSE,FALSE,FALSE,SIDESWIPE - SAME DIRECTION,CLEAR,DAYLIGHT,SOUTH,,,,,,,
20220019691,1/14/2022,TRUE,FALSE,FALSE,FALSE,ANGLE,CLEAR,DAYLIGHT,SOUTH,,,,,,,
20220019709,1/14/2022,FALSE,FALSE,FALSE,FALSE,Front to Rear,CLEAR,DAYLIGHT,EAST,,,,,,,
20220019782,1/14/2022,FALSE,FALSE,FALSE,FALSE,ANGLE,CLEAR,DAYLIGHT,WEST,,,,,,,
20220019785,1/14/2022,TRUE,FALSE,FALSE,FALSE,ANGLE,CLEAR,DAYLIGHT,MADISO,,,,,,,
20220019790,1/14/2022,FALSE,FALSE,FALSE,FALSE,SIDESWIPE - SAME DIRECTION,CLEAR,DAYLIGHT,SOUTH,,,,,,,
20220019804,1/14/2022,TRUE,FALSE,FALSE,FALSE,Front to Rear,CLEAR,DAYLIGHT,MADISO,,,,,,,
20220019827,1/14/2022,FALSE,FALSE,FALSE,FALSE,SIDESWIPE - OPPOSITE DIRECTION,CLEAR,DAYLIGHT,MIDTOW,,,,,,,
20220019884,1/14/2022,TRUE,FALSE,FALSE,FALSE,Front to Rear,CLEAR,DAYLIGHT,HERMIT,,,,,,,
20220019906,1/14/2022,TRUE,FALSE,TRUE,FALSE,HEAD-ON,CLEAR,DAYLIGHT,MADISO,,,,,,,
20220019923,1/14/2022,FALSE,FALSE,FALSE,FALSE,Front to Rear,CLEAR,DAYLIGHT,HERMIT,,,,,,,
20220019943,1/14/2022,FALSE,FALSE,FALSE,TRUE,SIDESWIPE - SAME DIRECTION,CLEAR,DAYLIGHT,NORTH,,,,,,,
20220019972,1/14/2022,TRUE,FALSE,FALSE,FALSE,Front to Rear,CLEAR,DAYLIGHT,MIDTOW,,,,,,,
20220020005,1/14/2022,FALSE,FALSE,FALSE,FALSE,SIDESWIPE - SAME DIRECTION,CLEAR,DAYLIGHT,HERMIT,,,,,,,
20220020011,1/14/2022,FALSE,FALSE,FALSE,TRUE,SIDESWIPE - SAME DIRECTION,CLEAR,DAYLIGHT,CENTRA,,,,,,,
20220020024,1/14/2022,FALSE,FALSE,FALSE,FALSE,SIDESWIPE - SAME DIRECTION,CLEAR,DAYLIGHT,CENTRA,,,,,,,
20220020032,1/14/2022,FALSE,FALSE,FALSE,FALSE,Front to Rear,CLEAR,DAYLIGHT,HERMIT,,,,,,,
20220020057,1/14/2022,FALSE,FALSE,FALSE,FALSE,Front to Rear,CLEAR,DAYLIGHT,HERMIT,,,,,,,
20220020063,1/14/2022,TRUE,FALSE,FALSE,TRUE,NOT COLLISION W/MOTOR VEHICLE-TRANSPORT,CLEAR,DAYLIGHT,MIDTOW,,,,,,,
20220020093,1/14/2022,TRUE,FALSE,FALSE,FALSE,ANGLE,CLEAR,DAYLIGHT,HERMIT,,,,,,,
20220020127,1/14/2022,FALSE,FALSE,FALSE,TRUE,ANGLE,CLEAR,DAWN,CENTRA,,,,,,,
20220020166,1/14/2022,FALSE,FALSE,FALSE,TRUE,Front to Rear,CLEAR,DARK - LIGHTED,MIDTOW,,,,,,,
20220020167,1/14/2022,TRUE,FALSE,FALSE,FALSE,NOT COLLISION W/MOTOR VEHICLE-TRANSPORT,CLEAR,DARK - LIGHTED,EAST,,,,,,,
20220020189,1/14/2022,TRUE,FALSE,FALSE,FALSE,ANGLE,CLEAR,DARK - LIGHTED,SOUTH,,,,,,,
20220020208,1/14/2022,FALSE,FALSE,FALSE,FALSE,Front to Rear,CLEAR,DARK - LIGHTED,MIDTOW,,,,,,,
20220020213,1/14/2022,FALSE,FALSE,FALSE,TRUE,Front to Rear,CLEAR,DUSK,MIDTOW,,,,,,,
20220020230,1/14/2022,FALSE,FALSE,FALSE,FALSE,ANGLE,CLEAR,DUSK,MIDTOW,,,,,,,
20220020255,1/14/2022,FALSE,FALSE,FALSE,FALSE,HEAD-ON,CLOUDY,DARK - LIGHTED,MIDTOW,,,,,,,
20220020268,1/14/2022,TRUE,FALSE,TRUE,FALSE,NOT COLLISION W/MOTOR VEHICLE-TRANSPORT,CLEAR,DARK - LIGHTED,MIDTOW,,,,,,,
20220020278,1/14/2022,FALSE,FALSE,FALSE,FALSE,HEAD-ON,CLEAR,DARK - LIGHTED,NORTH,,,,,,,
20220020296,1/14/2022,FALSE,FALSE,FALSE,FALSE,SIDESWIPE - SAME DIRECTION,CLEAR,DARK - NOT LIGHTED,SOUTH,,,,,,,
20220020305,1/14/2022,TRUE,FALSE,FALSE,FALSE,NOT COLLISION W/MOTOR VEHICLE-TRANSPORT,CLEAR,DARK - LIGHTED,EAST,,,,,,,
20220020314,1/14/2022,TRUE,FALSE,FALSE,FALSE,Front to Rear,CLEAR,DARK - LIGHTED,CENTRA,,,,,,,
20220020327,1/14/2022,FALSE,FALSE,FALSE,FALSE,ANGLE,CLEAR,DARK - LIGHTED,WEST,,,,,,,
20220020353,1/14/2022,FALSE,FALSE,FALSE,FALSE,ANGLE,CLEAR,DARK - LIGHTED,EAST,,,,,,,
20220020356,1/14/2022,FALSE,FALSE,FALSE,TRUE,SIDESWIPE - SAME DIRECTION,CLEAR,DARK - NOT LIGHTED,NORTH,,,,,,,
20220020363,1/14/2022,FALSE,FALSE,FALSE,FALSE,ANGLE,CLEAR,DARK - LIGHTED,SOUTH,,,,,,,
20220020364,1/14/2022,TRUE,FALSE,FALSE,TRUE,HEAD-ON,CLEAR,DAYLIGHT,NORTH,,,,,,,
20220020372,1/14/2022,TRUE,FALSE,FALSE,FALSE,HEAD-ON,CLEAR,Dark-Unknown Lighting,EAST,,,,,,,
20220020377,1/14/2022,FALSE,FALSE,FALSE,TRUE,Front to Rear,CLEAR,DARK - LIGHTED,WEST,,,,,,,
20220020389,1/14/2022,FALSE,FALSE,FALSE,FALSE,SIDESWIPE - SAME DIRECTION,CLOUDY,DARK - LIGHTED,NORTH,,,,,,,
20220020400,1/14/2022,FALSE,FALSE,TRUE,FALSE,NOT COLLISION W/MOTOR VEHICLE-TRANSPORT,CLEAR,DARK - LIGHTED,WEST,,,,,,,
20220020418,1/14/2022,FALSE,FALSE,FALSE,TRUE,SIDESWIPE - SAME DIRECTION,CLEAR,DARK - LIGHTED,WEST,,,,,,,
20220020527,1/14/2022,FALSE,FALSE,FALSE,FALSE,ANGLE,CLEAR,DARK - LIGHTED,MIDTOW,,,,,,,
20220020531,1/14/2022,FALSE,FALSE,FALSE,FALSE,ANGLE,CLEAR,DARK - LIGHTED,HERMIT,,,,,,,
20220020535,1/14/2022,TRUE,FALSE,FALSE,FALSE,NOT COLLISION W/MOTOR VEHICLE-TRANSPORT,CLEAR,DARK - LIGHTED,WEST,,,,,,,
20220020561,1/14/2022,FALSE,FALSE,FALSE,TRUE,Front to Rear,CLEAR,DARK - LIGHTED,EAST,,,,,,,
20220020581,1/14/2022,FALSE,FALSE,FALSE,TRUE,ANGLE,CLEAR,DARK - LIGHTED,MADISO,,,,,,,
20220020629,1/14/2022,TRUE,FALSE,FALSE,FALSE,NOT COLLISION W/MOTOR VEHICLE-TRANSPORT,CLEAR,DAYLIGHT,MIDTOW,,,,,,,
20220020876,1/15/2022,FALSE,FALSE,FALSE,FALSE,Front to Rear,CLEAR,DARK - LIGHTED,CENTRA,,,,,,,
20220020885,1/15/2022,FALSE,FALSE,FALSE,FALSE,NOT COLLISION W/MOTOR VEHICLE-TRANSPORT,CLOUDY,DARK - NOT LIGHTED,NORTH,,,,,,,
20220020929,1/15/2022,FALSE,FALSE,FALSE,FALSE,ANGLE,CLEAR,DARK - LIGHTED,CENTRA,,,,,,,
20220020940,1/15/2022,FALSE,FALSE,FALSE,TRUE,ANGLE,CLEAR,DARK - LIGHTED,SOUTH,,,,,,,
20220020949,1/15/2022,FALSE,FALSE,FALSE,TRUE,OTHER,CLEAR,DARK - LIGHTED,SOUTH,,,,,,,
20220021026,1/15/2022,FALSE,FALSE,FALSE,FALSE,SIDESWIPE - SAME DIRECTION,FOG,DAYLIGHT,WEST,,,,,,,
20220021068,1/15/2022,FALSE,FALSE,FALSE,FALSE,Front to Rear,RAIN,DAYLIGHT,CENTRA,,,,,,,
20220021083,1/15/2022,TRUE,FALSE,FALSE,FALSE,ANGLE,CLOUDY,DAYLIGHT,HERMIT,,,,,,,
20220021101,1/15/2022,FALSE,FALSE,TRUE,FALSE,NOT COLLISION W/MOTOR VEHICLE-TRANSPORT,CLOUDY,DAYLIGHT,SOUTH,,,,,,,
20220021112,1/15/2022,FALSE,FALSE,FALSE,FALSE,ANGLE,CLOUDY,DAYLIGHT,WEST,,,,,,,
20220021201,1/15/2022,TRUE,FALSE,FALSE,FALSE,ANGLE,CLOUDY,DAYLIGHT,SOUTH,,,,,,,
20220021290,1/15/2022,FALSE,FALSE,FALSE,TRUE,Front to Rear,CLOUDY,DAYLIGHT,WEST,,,,,,,
20220021342,1/15/2022,TRUE,FALSE,FALSE,FALSE,SIDESWIPE - SAME DIRECTION,CLEAR,DAYLIGHT,NORTH,,,,,,,
20220021359,1/15/2022,FALSE,FALSE,FALSE,TRUE,Front to Rear,CLOUDY,DAYLIGHT,HERMIT,,,,,,,
20220021375,1/15/2022,FALSE,FALSE,FALSE,FALSE,SIDESWIPE - SAME DIRECTION,CLOUDY,DAYLIGHT,MADISO,,,,,,,
20220021423,1/15/2022,TRUE,FALSE,FALSE,FALSE,Front to Rear,CLOUDY,DAYLIGHT,WEST,,,,,,,
20220021511,1/15/2022,TRUE,FALSE,FALSE,FALSE,ANGLE,RAIN,DARK - NOT LIGHTED,WEST,,,,,,,
20220021536,1/15/2022,FALSE,FALSE,FALSE,FALSE,ANGLE,RAIN,DAYLIGHT,HERMIT,,,,,,,
20220021553,1/15/2022,TRUE,FALSE,FALSE,FALSE,SIDESWIPE - SAME DIRECTION,RAIN,DARK - NOT LIGHTED,SOUTH,,,,,,,
20220021556,1/15/2022,FALSE,FALSE,FALSE,FALSE,ANGLE,CLOUDY,DAYLIGHT,CENTRA,,,,,,,
20220021572,1/15/2022,FALSE,FALSE,FALSE,FALSE,ANGLE,CLEAR,DAYLIGHT,SOUTH,,,,,,,
20220021574,1/15/2022,TRUE,FALSE,FALSE,TRUE,ANGLE,RAIN,DARK - LIGHTED,SOUTH,,,,,,,
20220021584,1/15/2022,FALSE,FALSE,FALSE,TRUE,ANGLE,CLOUDY,DAYLIGHT,WEST,,,,,,,
20220021603,1/15/2022,FALSE,FALSE,FALSE,FALSE,SIDESWIPE - SAME DIRECTION,RAIN,DARK - LIGHTED,NORTH,,,,,,,
20220021623,1/15/2022,FALSE,FALSE,FALSE,FALSE,ANGLE,RAIN,DARK - LIGHTED,HERMIT,,,,,,,
20220021648,1/15/2022,FALSE,FALSE,FALSE,TRUE,SIDESWIPE - SAME DIRECTION,RAIN,DARK - LIGHTED,SOUTH,,,,,,,
20220021719,1/15/2022,FALSE,FALSE,FALSE,FALSE,SIDESWIPE - SAME DIRECTION,RAIN,DARK - LIGHTED,CENTRA,,,,,,,
20220021729,1/15/2022,FALSE,FALSE,FALSE,FALSE,ANGLE,RAIN,DARK - LIGHTED,SOUTH,,,,,,,
20220021754,1/15/2022,TRUE,FALSE,FALSE,FALSE,NOT COLLISION W/MOTOR VEHICLE-TRANSPORT,RAIN,DARK - NOT LIGHTED,HERMIT,,,,,,,
20220021773,1/15/2022,TRUE,FALSE,FALSE,FALSE,Front to Rear,RAIN,DARK - LIGHTED,SOUTH,,,,,,,
20220021796,1/15/2022,FALSE,FALSE,FALSE,FALSE,HEAD-ON,RAIN,DARK - LIGHTED,SOUTH,,,,,,,
20220021900,1/15/2022,FALSE,FALSE,FALSE,FALSE,ANGLE,RAIN,DARK - NOT LIGHTED,MIDTOW,,,,,,,
20220021931,1/16/2022,FALSE,FALSE,FALSE,TRUE,ANGLE,RAIN,DARK - NOT LIGHTED,EAST,,,,,,,
20220021937,1/16/2022,FALSE,FALSE,FALSE,FALSE,ANGLE,RAIN,DARK - LIGHTED,EAST,,,,,,,
20220021949,1/16/2022,FALSE,FALSE,FALSE,TRUE,Front to Rear,RAIN,DARK - LIGHTED,CENTRA,,,,,,,
20220021989,1/16/2022,TRUE,FALSE,TRUE,FALSE,NOT COLLISION W/MOTOR VEHICLE-TRANSPORT,RAIN,DARK - LIGHTED,SOUTH,,,,,,,
20220022022,1/16/2022,TRUE,FALSE,FALSE,FALSE,ANGLE,RAIN,DARK - LIGHTED,SOUTH,,,,,,,
20220022094,1/16/2022,TRUE,FALSE,TRUE,FALSE,NOT COLLISION W/MOTOR VEHICLE-TRANSPORT,SNOW,DARK - NOT LIGHTED,WEST,,,,,,,
20220022102,1/16/2022,FALSE,FALSE,FALSE,TRUE,NOT COLLISION W/MOTOR VEHICLE-TRANSPORT,SNOW,DARK - NOT LIGHTED,SOUTH,,,,,,,
20220022176,1/16/2022,FALSE,FALSE,TRUE,TRUE,NOT COLLISION W/MOTOR VEHICLE-TRANSPORT,RAIN,DARK - NOT LIGHTED,EAST,,,,,,,
20220022207,1/16/2022,TRUE,FALSE,FALSE,FALSE,ANGLE,SNOW,DARK - NOT LIGHTED,SOUTH,,,,,,,
20220022208,1/16/2022,FALSE,FALSE,FALSE,TRUE,NOT COLLISION W/MOTOR VEHICLE-TRANSPORT,SNOW,DARK - NOT LIGHTED,SOUTH,,,,,,,
20220022239,1/16/2022,FALSE,FALSE,FALSE,FALSE,NOT COLLISION W/MOTOR VEHICLE-TRANSPORT,"SLEET, HAIL",DAYLIGHT,WEST,,,,,,,
20220022245,1/16/2022,FALSE,FALSE,FALSE,FALSE,NOT COLLISION W/MOTOR VEHICLE-TRANSPORT,SNOW,DARK - NOT LIGHTED,SOUTH,,,,,,,
20220022277,1/16/2022,TRUE,FALSE,FALSE,FALSE,ANGLE,RAIN,DAWN,HERMIT,,,,,,,
20220022307,1/16/2022,TRUE,FALSE,FALSE,FALSE,NOT COLLISION W/MOTOR VEHICLE-TRANSPORT,"SLEET, HAIL",DAYLIGHT,MIDTOW,,,,,,,
20220022353,1/16/2022,FALSE,FALSE,TRUE,FALSE,NOT COLLISION W/MOTOR VEHICLE-TRANSPORT,CLEAR,DAYLIGHT,SOUTH,,,,,,,
20220022362,1/16/2022,FALSE,FALSE,FALSE,FALSE,NOT COLLISION W/MOTOR VEHICLE-TRANSPORT,RAIN,DAYLIGHT,SOUTH,,,,,,,
20220022418,1/16/2022,TRUE,FALSE,FALSE,FALSE,NOT COLLISION W/MOTOR VEHICLE-TRANSPORT,RAIN,DAYLIGHT,SOUTH,,,,,,,
20220022426,1/16/2022,FALSE,FALSE,FALSE,FALSE,NOT COLLISION W/MOTOR VEHICLE-TRANSPORT,RAIN,DAYLIGHT,HERMIT,,,,,,,
20220022431,1/16/2022,TRUE,FALSE,FALSE,FALSE,NOT COLLISION W/MOTOR VEHICLE-TRANSPORT,RAIN,DAYLIGHT,SOUTH,,,,,,,
20220022459,1/16/2022,FALSE,FALSE,FALSE,FALSE,NOT COLLISION W/MOTOR VEHICLE-TRANSPORT,CLOUDY,DAYLIGHT,SOUTH,,,,,,,
20220022492,1/16/2022,FALSE,FALSE,FALSE,FALSE,NOT COLLISION W/MOTOR VEHICLE-TRANSPORT,SNOW,DAYLIGHT,SOUTH,,,,,,,
20220022503,1/16/2022,TRUE,FALSE,FALSE,FALSE,NOT COLLISION W/MOTOR VEHICLE-TRANSPORT,SNOW,DAYLIGHT,HERMIT,,,,,,,
20220022513,1/16/2022,TRUE,FALSE,FALSE,FALSE,Front to Rear,BLOWING SNOW,DAYLIGHT,SOUTH,,,,,,,
20220022518,1/16/2022,TRUE,FALSE,FALSE,FALSE,Rear to Side,SNOW,DAYLIGHT,HERMIT,,,,,,,
20220022522,1/16/2022,FALSE,FALSE,FALSE,FALSE,NOT COLLISION W/MOTOR VEHICLE-TRANSPORT,SNOW,DAYLIGHT,MADISO,,,,,,,
20220022523,1/16/2022,FALSE,FALSE,FALSE,FALSE,NOT COLLISION W/MOTOR VEHICLE-TRANSPORT,SNOW,DAYLIGHT,MIDTOW,,,,,,,
20220022526,1/16/2022,TRUE,FALSE,FALSE,FALSE,ANGLE,SNOW,DAYLIGHT,CENTRA,,,,,,,
20220022527,1/16/2022,TRUE,FALSE,TRUE,FALSE,NOT COLLISION W/MOTOR VEHICLE-TRANSPORT,CLOUDY,OTHER,NORTH,,,,,,,
20220022534,1/16/2022,TRUE,FALSE,TRUE,FALSE,NOT COLLISION W/MOTOR VEHICLE-TRANSPORT,SNOW,DAYLIGHT,WEST,,,,,,,
20220022538,1/16/2022,FALSE,FALSE,FALSE,FALSE,ANGLE,SNOW,DAYLIGHT,MADISO,,,,,,,