AccidentNumber,AccidentDate,Injury,Fatality,PropertyDamage,HitAndRun,CollisionType,Weather,Illumination,Precinct,,,,,,,
20220043058,1/29/2022,TRUE,FALSE,FALSE,FALSE,NOT COLLISION W/MOTOR VEHICLE-TRANSPORT,CLEAR,DAYLIGHT,EAST,,,,,,,
20220043200,1/29/2022,TRUE,FALSE,FALSE,TRUE,ANGLE,CLEAR,DAYLIGHT,NORTH,,,,,,,
20220043227,1/29/2022,FALSE,FALSE,FALSE,TRUE,OTHER,CLEAR,DAYLIGHT,MADISO,,,,,,,
20220043278,1/29/2022,FALSE,FALSE,FALSE,TRUE,SIDESWIPE - SAME DIRECTION,CLEAR,DAYLIGHT,WEST,,,,,,,
20220043314,1/29/2022,TRUE,FALSE,FALSE,FALSE,SIDESWIPE - SAME DIRECTION,CLEAR,DAYLIGHT,MIDTOW,,,,,,,
20220043399,1/29/2022,FALSE,FALSE,FALSE,FALSE,ANGLE,CLEAR,DAYLIGHT,MADISO,,,,,,,
20220043444,1/29/2022,FALSE,FALSE,FALSE,FALSE,ANGLE,CLEAR,DAYLIGHT,EAST,,,,,,,
20220043465,1/29/2022,FALSE,FALSE,FALSE,FALSE,ANGLE,CLEAR,DAYLIGHT,HERMIT,,,,,,,
20220043492,1/29/2022,TRUE,FALSE,TRUE,FALSE,NOT COLLISION W/MOTOR VEHICLE-TRANSPORT,CLEAR,DAYLIGHT,MIDTOW,,,,,,,
20220043495,1/28/2022,FALSE,FALSE,FALSE,FALSE,ANGLE,CLEAR,DAYLIGHT,MIDTOW,,,,,,,
20220043505,1/29/2022,FALSE,FALSE,FALSE,TRUE,Front to Rear,CLEAR,DAYLIGHT,MIDTOW,,,,,,,
20220043535,1/29/2022,TRUE,FALSE,FALSE,FALSE,ANGLE,CLOUDY,DAYLIGHT,NORTH,,,,,,,
20220043553,1/29/2022,FALSE,FALSE,TRUE,TRUE,NOT COLLISION W/MOTOR VEHICLE-TRANSPORT,CLEAR,DAYLIGHT,SOUTH,,,,,,,
20220043572,1/29/2022,FALSE,FALSE,FALSE,TRUE,ANGLE,CLEAR,DAYLIGHT,EAST,,,,,,,
20220043603,1/29/2022,TRUE,FALSE,TRUE,FALSE,NOT COLLISION W/MOTOR VEHICLE-TRANSPORT,CLEAR,DARK - LIGHTED,MIDTOW,,,,,,,
20220043615,1/29/2022,FALSE,FALSE,FALSE,FALSE,Front to Rear,CLEAR,DARK - LIGHTED,WEST,,,,,,,
20220043629,1/29/2022,TRUE,FALSE,FALSE,FALSE,Front to Rear,CLEAR,DARK - LIGHTED,SOUTH,,,,,,,
20220043649,1/29/2022,FALSE,FALSE,FALSE,FALSE,SIDESWIPE - OPPOSITE DIRECTION,CLEAR,DARK - NOT LIGHTED,MADISO,,,,,,,
20220043665,1/29/2022,TRUE,FALSE,FALSE,FALSE,NOT COLLISION W/MOTOR VEHICLE-TRANSPORT,CLEAR,DARK - LIGHTED,HERMIT,,,,,,,
20220043671,1/29/2022,FALSE,FALSE,FALSE,FALSE,NOT COLLISION W/MOTOR VEHICLE-TRANSPORT,CLEAR,DARK - NOT LIGHTED,SOUTH,,,,,,,
20220043684,1/29/2022,FALSE,FALSE,TRUE,FALSE,NOT COLLISION W/MOTOR VEHICLE-TRANSPORT,CLEAR,DARK - LIGHTED,EAST,,,,,,,
20220043687,1/29/2022,FALSE,FALSE,FALSE,FALSE,ANGLE,CLEAR,DARK - NOT LIGHTED,MADISO,,,,,,,
20220043723,1/29/2022,TRUE,FALSE,FALSE,FALSE,ANGLE,CLEAR,DARK - LIGHTED,MADISO,,,,,,,
20220043750,1/29/2022,TRUE,FALSE,FALSE,TRUE,Front to Rear,CLEAR,DARK - LIGHTED,MIDTOW,,,,,,,
20220043814,1/29/2022,TRUE,FALSE,TRUE,FALSE,NOT COLLISION W/MOTOR VEHICLE-TRANSPORT,CLEAR,DARK - NOT LIGHTED,MADISO,,,,,,,
20220043890,1/29/2022,TRUE,FALSE,FALSE,TRUE,Front to Rear,CLEAR,DARK - LIGHTED,HERMIT,,,,,,,
20220043956,1/29/2022,FALSE,FALSE,FALSE,FALSE,ANGLE,CLEAR,DARK - LIGHTED,HERMIT,,,,,,,
20220043967,1/29/2022,FALSE,FALSE,FALSE,FALSE,ANGLE,CLEAR,DARK - LIGHTED,SOUTH,,,,,,,
20220043981,1/30/2022,TRUE,FALSE,TRUE,FALSE,NOT COLLISION W/MOTOR VEHICLE-TRANSPORT,CLEAR,DARK - NOT LIGHTED,HERMIT,,,,,,,
20220044216,1/30/2022,FALSE,FALSE,FALSE,FALSE,ANGLE,CLEAR,DARK - LIGHTED,MIDTOW,,,,,,,
20220044257,1/30/2022,FALSE,FALSE,FALSE,FALSE,NOT COLLISION W/MOTOR VEHICLE-TRANSPORT,CLEAR,DARK - LIGHTED,SOUTH,,,,,,,
20220044274,1/30/2022,TRUE,FALSE,FALSE,FALSE,Front to Rear,CLEAR,DAWN,HERMIT,,,,,,,
20220044315,1/30/2022,FALSE,FALSE,FALSE,FALSE,NOT COLLISION W/MOTOR VEHICLE-TRANSPORT,CLEAR,DAYLIGHT,HERMIT,,,,,,,
20220044500,1/30/2022,TRUE,FALSE,FALSE,FALSE,NOT COLLISION W/MOTOR VEHICLE-TRANSPORT,CLEAR,DAYLIGHT,WEST,,,,,,,
20220044519,1/30/2022,FALSE,FALSE,FALSE,FALSE,NOT COLLISION W/MOTOR VEHICLE-TRANSPORT,CLEAR,DAYLIGHT,SOUTH,,,,,,,
20220044534,1/30/2022,FALSE,FALSE,FALSE,TRUE,SIDESWIPE - SAME DIRECTION,CLEAR,DAYLIGHT,WEST,,,,,,,
20220044554,1/30/2022,FALSE,FALSE,FALSE,FALSE,Front to Rear,CLEAR,DAYLIGHT,MADISO,,,,,,,
20220044605,1/30/2022,FALSE,FALSE,FALSE,FALSE,ANGLE,CLEAR,DAYLIGHT,CENTRA,,,,,,,
20220044612,1/30/2022,FALSE,FALSE,FALSE,FALSE,Front to Rear,CLEAR,DAYLIGHT,SOUTH,,,,,,,
20220044636,1/30/2022,FALSE,FALSE,FALSE,FALSE,Front to Rear,CLEAR,DAYLIGHT,NORTH,,,,,,,
20220044681,1/30/2022,TRUE,FALSE,FALSE,FALSE,SIDESWIPE - SAME DIRECTION,CLEAR,DAYLIGHT,HERMIT,,,,,,,
20220044683,1/30/2022,FALSE,FALSE,FALSE,FALSE,ANGLE,CLEAR,DAYLIGHT,CENTRA,,,,,,,
20220044701,1/30/2022,TRUE,FALSE,FALSE,FALSE,NOT COLLISION W/MOTOR VEHICLE-TRANSPORT,CLEAR,DAYLIGHT,WEST,,,,,,,
20220044750,1/30/2022,TRUE,FALSE,FALSE,FALSE,Front to Rear,CLEAR,DAYLIGHT,WEST,,,,,,,
20220044752,1/30/2022,FALSE,FALSE,FALSE,TRUE,Front to Rear,CLEAR,DAYLIGHT,MADISO,,,,,,,
20220044774,1/30/2022,FALSE,FALSE,FALSE,TRUE,Front to Rear,CLEAR,DAYLIGHT,SOUTH,,,,,,,
20220044791,1/30/2022,FALSE,FALSE,FALSE,FALSE,SIDESWIPE - SAME DIRECTION,CLEAR,DAYLIGHT,HERMIT,,,,,,,
20220044814,1/29/2022,FALSE,FALSE,FALSE,TRUE,SIDESWIPE - SAME DIRECTION,CLEAR,DAYLIGHT,SOUTH,,,,,,,
20220044815,1/30/2022,FALSE,FALSE,FALSE,FALSE,SIDESWIPE - SAME DIRECTION,CLEAR,DAYLIGHT,NORTH,,,,,,,
20220044843,1/30/2022,TRUE,FALSE,FALSE,FALSE,Front to Rear,CLEAR,DAYLIGHT,HERMIT,,,,,,,
20220044871,1/30/2022,FALSE,FALSE,FALSE,TRUE,ANGLE,CLEAR,DAYLIGHT,HERMIT,,,,,,,
20220044891,1/30/2022,TRUE,FALSE,FALSE,FALSE,NOT COLLISION W/MOTOR VEHICLE-TRANSPORT,CLEAR,DAYLIGHT,HERMIT,,,,,,,
20220044920,1/30/2022,FALSE,FALSE,FALSE,FALSE,Front to Rear,CLEAR,DARK - LIGHTED,CENTRA,,,,,,,
20220044926,1/30/2022,TRUE,FALSE,FALSE,FALSE,NOT COLLISION W/MOTOR VEHICLE-TRANSPORT,CLEAR,DAYLIGHT,SOUTH,,,,,,,
20220044943,1/30/2022,FALSE,FALSE,FALSE,TRUE,Front to Rear,CLEAR,DARK - LIGHTED,MIDTOW,,,,,,,
20220044952,1/30/2022,FALSE,FALSE,FALSE,TRUE,ANGLE,CLEAR,DARK - LIGHTED,MADISO,,,,,,,
20220044969,1/30/2022,FALSE,FALSE,TRUE,TRUE,NOT COLLISION W/MOTOR VEHICLE-TRANSPORT,CLEAR,DARK - NOT LIGHTED,SOUTH,,,,,,,
20220044992,1/30/2022,FALSE,FALSE,TRUE,TRUE,NOT COLLISION W/MOTOR VEHICLE-TRANSPORT,CLEAR,DARK - NOT LIGHTED,SOUTH,,,,,,,
20220044999,1/30/2022,FALSE,FALSE,FALSE,TRUE,SIDESWIPE - SAME DIRECTION,CLEAR,DARK - LIGHTED,EAST,,,,,,,
20220045005,1/30/2022,TRUE,FALSE,FALSE,TRUE,Front to Rear,CLEAR,DARK - LIGHTED,SOUTH,,,,,,,
20220045021,1/30/2022,TRUE,FALSE,FALSE,FALSE,ANGLE,CLEAR,DARK - NOT LIGHTED,SOUTH,,,,,,,
20220045040,1/30/2022,TRUE,FALSE,FALSE,FALSE,ANGLE,CLEAR,DARK - LIGHTED,MIDTOW,,,,,,,
20220045070,1/30/2022,TRUE,FALSE,FALSE,FALSE,ANGLE,CLEAR,DAYLIGHT,HERMIT,,,,,,,
20220045087,1/30/2022,FALSE,FALSE,FALSE,TRUE,SIDESWIPE - SAME DIRECTION,CLEAR,DARK - LIGHTED,MIDTOW,,,,,,,
20220045112,1/30/2022,FALSE,FALSE,FALSE,TRUE,SIDESWIPE - SAME DIRECTION,CLEAR,Dark-Unknown Lighting,NORTH,,,,,,,
20220045156,1/30/2022,FALSE,FALSE,FALSE,FALSE,Front to Rear,CLEAR,DARK - LIGHTED,MADISO,,,,,,,
20220045248,1/30/2022,FALSE,FALSE,TRUE,TRUE,NOT COLLISION W/MOTOR VEHICLE-TRANSPORT,CLEAR,DARK - NOT LIGHTED,HERMIT,,,,,,,
20220045285,2/24/2022,FALSE,FALSE,FALSE,TRUE,Front to Rear,RAIN,DAYLIGHT,HERMIT,,,,,,,
20220045547,1/31/2022,FALSE,FALSE,FALSE,FALSE,Front to Rear,CLEAR,DAYLIGHT,NORTH,,,,,,,
20220045549,1/31/2022,TRUE,FALSE,FALSE,FALSE,SIDESWIPE - OPPOSITE DIRECTION,CLEAR,DAWN,HERMIT,,,,,,,
20220045646,1/31/2022,FALSE,FALSE,FALSE,FALSE,ANGLE,CLEAR,DAYLIGHT,CENTRA,,,,,,,
20220045794,1/31/2022,TRUE,FALSE,TRUE,FALSE,NOT COLLISION W/MOTOR VEHICLE-TRANSPORT,CLOUDY,DAYLIGHT,NORTH,,,,,,,
20220045798,1/31/2022,FALSE,FALSE,FALSE,FALSE,SIDESWIPE - SAME DIRECTION,CLOUDY,DAYLIGHT,WEST,,,,,,,
20220045819,1/31/2022,TRUE,FALSE,FALSE,FALSE,Front to Rear,CLEAR,DAYLIGHT,EAST,,,,,,,
20220045836,1/31/2022,TRUE,FALSE,FALSE,FALSE,ANGLE,CLOUDY,DAYLIGHT,EAST,,,,,,,
20220045931,1/31/2022,FALSE,FALSE,TRUE,TRUE,NOT COLLISION W/MOTOR VEHICLE-TRANSPORT,CLEAR,DAYLIGHT,WEST,,,,,,,
20220045957,1/31/2022,FALSE,FALSE,FALSE,FALSE,ANGLE,CLEAR,DAYLIGHT,EAST,,,,,,,
20220045986,1/31/2022,TRUE,FALSE,FALSE,FALSE,Front to Rear,CLEAR,DAYLIGHT,WEST,,,,,,,
20220046029,1/31/2022,FALSE,FALSE,TRUE,FALSE,NOT COLLISION W/MOTOR VEHICLE-TRANSPORT,CLEAR,DAYLIGHT,WEST,,,,,,,
20220046065,1/31/2022,TRUE,FALSE,FALSE,FALSE,ANGLE,CLEAR,DAYLIGHT,NORTH,,,,,,,
20220046069,1/30/2022,FALSE,FALSE,TRUE,TRUE,NOT COLLISION W/MOTOR VEHICLE-TRANSPORT,CLEAR,DARK - LIGHTED,NORTH,,,,,,,
20220046081,1/31/2022,FALSE,FALSE,FALSE,FALSE,ANGLE,CLOUDY,DAYLIGHT,MIDTOW,,,,,,,
20220046090,1/31/2022,FALSE,FALSE,FALSE,TRUE,ANGLE,CLOUDY,DAYLIGHT,EAST,,,,,,,
20220046117,1/31/2022,TRUE,FALSE,FALSE,FALSE,ANGLE,CLEAR,DAYLIGHT,MIDTOW,,,,,,,
20220046139,1/31/2022,TRUE,FALSE,FALSE,FALSE,ANGLE,CLEAR,DAYLIGHT,SOUTH,,,,,,,
20220046141,1/31/2022,TRUE,FALSE,FALSE,FALSE,Front to Rear,CLEAR,DAYLIGHT,HERMIT,,,,,,,
20220046145,1/31/2022,FALSE,FALSE,FALSE,FALSE,NOT COLLISION W/MOTOR VEHICLE-TRANSPORT,CLEAR,DAYLIGHT,MADISO,,,,,,,
20220046147,1/31/2022,TRUE,FALSE,FALSE,FALSE,SIDESWIPE - OPPOSITE DIRECTION,CLEAR,DAYLIGHT,SOUTH,,,,,,,
20220046201,1/31/2022,TRUE,FALSE,FALSE,FALSE,NOT COLLISION W/MOTOR VEHICLE-TRANSPORT,CLEAR,DAYLIGHT,EAST,,,,,,,
20220046217,1/31/2022,TRUE,FALSE,FALSE,TRUE,ANGLE,CLEAR,DAYLIGHT,MADISO,,,,,,,
20220046243,1/31/2022,TRUE,FALSE,FALSE,FALSE,Front to Rear,CLEAR,DAYLIGHT,HERMIT,,,,,,,
20220046249,1/31/2022,FALSE,FALSE,FALSE,TRUE,Front to Rear,CLOUDY,DAYLIGHT,HERMIT,,,,,,,
20220046347,1/31/2022,TRUE,FALSE,FALSE,TRUE,SIDESWIPE - SAME DIRECTION,CLEAR,DAYLIGHT,MIDTOW,,,,,,,
20220046361,1/31/2022,FALSE,FALSE,FALSE,FALSE,Front to Rear,CLEAR,DAYLIGHT,SOUTH,,,,,,,
20220046365,1/31/2022,TRUE,FALSE,FALSE,FALSE,ANGLE,CLEAR,DAYLIGHT,NORTH,,,,,,,
20220046381,1/31/2022,TRUE,FALSE,FALSE,FALSE,ANGLE,CLEAR,DAYLIGHT,WEST,,,,,,,
20220046400,1/31/2022,TRUE,FALSE,FALSE,FALSE,ANGLE,CLEAR,DAYLIGHT,MIDTOW,,,,,,,
20220046412,1/31/2022,FALSE,FALSE,FALSE,FALSE,Front to Rear,CLEAR,DAYLIGHT,HERMIT,,,,,,,
20220046426,1/31/2022,TRUE,FALSE,FALSE,FALSE,ANGLE,CLEAR,DAYLIGHT,WEST,,,,,,,
20220046434,1/31/2022,FALSE,FALSE,FALSE,FALSE,ANGLE,CLEAR,DAYLIGHT,EAST,,,,,,,
20220046441,1/31/2022,FALSE,FALSE,FALSE,TRUE,ANGLE,CLEAR,DAYLIGHT,SOUTH,,,,,,,
20220046473,1/31/2022,TRUE,FALSE,FALSE,FALSE,SIDESWIPE - OPPOSITE DIRECTION,CLEAR,DAYLIGHT,MIDTOW,,,,,,,
20220046476,1/31/2022,FALSE,FALSE,FALSE,FALSE,SIDESWIPE - SAME DIRECTION,CLEAR,DAYLIGHT,SOUTH,,,,,,,
20220046478,1/31/2022,FALSE,FALSE,FALSE,FALSE,Front to Rear,CLEAR,DAYLIGHT,SOUTH,,,,,,,
20220046481,1/31/2022,FALSE,FALSE,FALSE,FALSE,Front to Rear,CLEAR,DAYLIGHT,MIDTOW,,,,,,,
20220046484,1/31/2022,TRUE,FALSE,FALSE,FALSE,HEAD-ON,CLEAR,DAYLIGHT,EAST,,,,,,,
20220046513,1/31/2022,FALSE,FALSE,FALSE,FALSE,Front to Rear,CLEAR,DUSK,MIDTOW,,,,,,,
20220046522,1/31/2022,FALSE,FALSE,FALSE,FALSE,Front to Rear,CLEAR,DAYLIGHT,WEST,,,,,,,
20220046524,1/31/2022,TRUE,FALSE,FALSE,FALSE,Front to Rear,CLEAR,DAYLIGHT,NORTH,,,,,,,
20220046554,1/31/2022,FALSE,FALSE,FALSE,TRUE,ANGLE,CLEAR,DARK - LIGHTED,NORTH,,,,,,,
20220046557,1/31/2022,TRUE,FALSE,FALSE,FALSE,HEAD-ON,CLEAR,DARK - LIGHTED,MIDTOW,,,,,,,
20220046576,1/31/2022,TRUE,FALSE,FALSE,FALSE,Front to Rear,CLEAR,DARK - NOT LIGHTED,SOUTH,,,,,,,
20220046591,1/31/2022,TRUE,FALSE,FALSE,FALSE,Front to Rear,CLEAR,DARK - NOT LIGHTED,HERMIT,,,,,,,
20220046597,1/31/2022,FALSE,FALSE,FALSE,TRUE,Front to Rear,CLEAR,DARK - NOT LIGHTED,MADISO,,,,,,,
20220046643,1/31/2022,TRUE,FALSE,FALSE,FALSE,ANGLE,CLEAR,DARK - LIGHTED,CENTRA,,,,,,,
20220046672,1/31/2022,FALSE,FALSE,FALSE,FALSE,Front to Rear,CLEAR,Dark-Unknown Lighting,NORTH,,,,,,,
20220046674,1/31/2022,FALSE,FALSE,FALSE,FALSE,OTHER,CLEAR,DARK - LIGHTED,HERMIT,,,,,,,
20220046769,1/31/2022,TRUE,FALSE,FALSE,FALSE,NOT COLLISION W/MOTOR VEHICLE-TRANSPORT,CLEAR,DARK - NOT LIGHTED,WEST,,,,,,,
20220046774,1/31/2022,FALSE,FALSE,FALSE,FALSE,Front to Rear,CLEAR,DARK - LIGHTED,NORTH,,,,,,,
20220046813,1/31/2022,TRUE,FALSE,FALSE,FALSE,NOT COLLISION W/MOTOR VEHICLE-TRANSPORT,CLEAR,DARK - LIGHTED,HERMIT,,,,,,,
20220046852,1/31/2022,FALSE,FALSE,FALSE,TRUE,ANGLE,CLEAR,DARK - LIGHTED,MADISO,,,,,,,
20220046855,5/19/2022,FALSE,FALSE,FALSE,FALSE,ANGLE,CLEAR,DAYLIGHT,MADISO,,,,,,,
20220047009,2/1/2022,FALSE,FALSE,FALSE,FALSE,NOT COLLISION W/MOTOR VEHICLE-TRANSPORT,CLEAR,DARK - LIGHTED,SOUTH,,,,,,,
20220047019,2/1/2022,FALSE,FALSE,FALSE,FALSE,NOT COLLISION W/MOTOR VEHICLE-TRANSPORT,CLEAR,DARK - LIGHTED,NORTH,,,,,,,
20220047054,2/1/2022,FALSE,FALSE,FALSE,TRUE,Front to Rear,CLEAR,DARK - LIGHTED,HERMIT,,,,,,,
20220047134,2/1/2022,FALSE,FALSE,FALSE,TRUE,SIDESWIPE - SAME DIRECTION,CLOUDY,DARK - LIGHTED,HERMIT,,,,,,,
20220047286,2/1/2022,FALSE,FALSE,FALSE,FALSE,Front to Rear,CLEAR,DAYLIGHT,SOUTH,,,,,,,
20220047289,2/1/2022,FALSE,FALSE,FALSE,FALSE,NOT COLLISION W/MOTOR VEHICLE-TRANSPORT,CLEAR,DAYLIGHT,WEST,,,,,,,
20220047290,2/1/2022,TRUE,FALSE,FALSE,FALSE,Front to Rear,CLEAR,DAYLIGHT,NORTH,,,,,,,
20220047335,2/1/2022,FALSE,FALSE,FALSE,FALSE,ANGLE,CLEAR,DAYLIGHT,CENTRA,,,,,,,
20220047339,2/1/2022,TRUE,FALSE,FALSE,FALSE,Front to Rear,CLEAR,DAWN,MADISO,,,,,,,
20220047351,2/1/2022,TRUE,FALSE,FALSE,FALSE,Front to Rear,CLEAR,DAYLIGHT,SOUTH,,,,,,,
20220047447,2/1/2022,FALSE,FALSE,FALSE,FALSE,SIDESWIPE - SAME DIRECTION,CLEAR,DAYLIGHT,HERMIT,,,,,,,
20220047503,2/1/2022,FALSE,FALSE,FALSE,FALSE,ANGLE,CLEAR,DAYLIGHT,EAST,,,,,,,
20220047515,2/1/2022,FALSE,FALSE,FALSE,FALSE,ANGLE,CLEAR,DAYLIGHT,MADISO,,,,,,,
20220047530,2/1/2022,FALSE,FALSE,FALSE,FALSE,HEAD-ON,CLEAR,DAYLIGHT,MIDTOW,,,,,,,
20220047543,2/1/2022,FALSE,FALSE,FALSE,TRUE,NOT COLLISION W/MOTOR VEHICLE-TRANSPORT,CLEAR,DAYLIGHT,MADISO,,,,,,,
20220047567,2/1/2022,FALSE,FALSE,FALSE,FALSE,Front to Rear,CLEAR,DAYLIGHT,EAST,,,,,,,
20220047593,2/1/2022,TRUE,FALSE,FALSE,FALSE,Front to Rear,CLEAR,DAYLIGHT,HERMIT,,,,,,,
20220047620,2/1/2022,FALSE,FALSE,FALSE,FALSE,Front to Rear,CLEAR,DAYLIGHT,EAST,,,,,,,
20220047629,2/1/2022,TRUE,FALSE,FALSE,FALSE,NOT COLLISION W/MOTOR VEHICLE-TRANSPORT,CLEAR,DAYLIGHT,SOUTH,,,,,,,
20220047680,2/1/2022,TRUE,FALSE,FALSE,FALSE,NOT COLLISION W/MOTOR VEHICLE-TRANSPORT,CLEAR,DAYLIGHT,HERMIT,,,,,,,
20220047703,2/1/2022,TRUE,FALSE,FALSE,FALSE,Front to Rear,CLEAR,DAYLIGHT,WEST,,,,,,,
20220047737,2/1/2022,FALSE,FALSE,TRUE,TRUE,NOT COLLISION W/MOTOR VEHICLE-TRANSPORT,CLEAR,DAYLIGHT,SOUTH,,,,,,,
20220047744,2/1/2022,FALSE,FALSE,FALSE,FALSE,SIDESWIPE - SAME DIRECTION,CLEAR,DAYLIGHT,MIDTOW,,,,,,,
20220047772,2/1/2022,TRUE,FALSE,FALSE,FALSE,ANGLE,CLEAR,DAYLIGHT,MIDTOW,,,,,,,
20220047799,2/1/2022,TRUE,FALSE,TRUE,FALSE,NOT COLLISION W/MOTOR VEHICLE-TRANSPORT,CLEAR,DAYLIGHT,NORTH,,,,,,,
20220047844,2/1/2022,TRUE,FALSE,FALSE,FALSE,NOT COLLISION W/MOTOR VEHICLE-TRANSPORT,CLEAR,DAYLIGHT,WEST,,,,,,,
20220047940,2/1/2022,FALSE,FALSE,FALSE,FALSE,ANGLE,CLEAR,DAYLIGHT,MIDTOW,,,,,,,
20220048027,2/1/2022,TRUE,FALSE,FALSE,FALSE,HEAD-ON,CLEAR,DAYLIGHT,MADISO,,,,,,,
20220048052,2/1/2022,FALSE,FALSE,FALSE,TRUE,ANGLE,CLEAR,DAYLIGHT,MADISO,,,,,,,
20220048089,2/1/2022,TRUE,FALSE,FALSE,FALSE,ANGLE,CLEAR,DAYLIGHT,SOUTH,,,,,,,
20220048149,2/1/2022,FALSE,FALSE,FALSE,TRUE,Front to Rear,CLEAR,DAYLIGHT,MADISO,,,,,,,
20220048155,2/1/2022,FALSE,FALSE,FALSE,FALSE,ANGLE,CLEAR,DAYLIGHT,HERMIT,,,,,,,
20220048156,2/1/2022,TRUE,FALSE,FALSE,FALSE,ANGLE,CLEAR,DAYLIGHT,MIDTOW,,,,,,,
20220048190,2/1/2022,FALSE,FALSE,FALSE,FALSE,Front to Rear,CLEAR,DAYLIGHT,HERMIT,,,,,,,
20220048231,2/1/2022,FALSE,FALSE,FALSE,FALSE,ANGLE,CLEAR,DAYLIGHT,SOUTH,,,,,,,
20220048284,2/1/2022,FALSE,FALSE,FALSE,TRUE,SIDESWIPE - SAME DIRECTION,CLEAR,DAYLIGHT,MADISO,,,,,,,
20220048308,2/1/2022,FALSE,FALSE,FALSE,TRUE,SIDESWIPE - OPPOSITE DIRECTION,CLEAR,DAYLIGHT,MADISO,,,,,,,
20220048313,2/1/2022,FALSE,FALSE,FALSE,FALSE,NOT COLLISION W/MOTOR VEHICLE-TRANSPORT,CLEAR,DUSK,MADISO,,,,,,,
20220048373,2/1/2022,FALSE,FALSE,FALSE,FALSE,Front to Rear,CLEAR,DARK - LIGHTED,CENTRA,,,,,,,
20220048462,2/1/2022,FALSE,FALSE,FALSE,TRUE,ANGLE,CLEAR,DARK - NOT LIGHTED,MADISO,,,,,,,
20220048481,2/1/2022,FALSE,FALSE,FALSE,TRUE,Front to Rear,CLEAR,DARK - LIGHTED,MADISO,,,,,,,
20220048529,2/1/2022,FALSE,FALSE,FALSE,FALSE,ANGLE,CLEAR,DARK - LIGHTED,EAST,,,,,,,
20220048541,2/1/2022,FALSE,FALSE,FALSE,FALSE,SIDESWIPE - SAME DIRECTION,CLEAR,DARK - LIGHTED,NORTH,,,,,,,
20220048570,2/1/2022,TRUE,FALSE,FALSE,FALSE,Front to Rear,CLEAR,DARK - LIGHTED,SOUTH,,,,,,,
20220048571,2/1/2022,FALSE,FALSE,FALSE,TRUE,SIDESWIPE - SAME DIRECTION,CLEAR,DARK - LIGHTED,HERMIT,,,,,,,
20220048594,2/1/2022,TRUE,FALSE,FALSE,FALSE,Front to Rear,CLEAR,DARK - LIGHTED,SOUTH,,,,,,,
20220048622,2/1/2022,FALSE,FALSE,TRUE,TRUE,NOT COLLISION W/MOTOR VEHICLE-TRANSPORT,CLEAR,DARK - LIGHTED,MIDTOW,,,,,,,
20220048767,2/2/2022,FALSE,FALSE,FALSE,FALSE,NOT COLLISION W/MOTOR VEHICLE-TRANSPORT,CLEAR,DARK - LIGHTED,WEST,,,,,,,
20220048774,2/2/2022,FALSE,FALSE,FALSE,FALSE,NOT COLLISION W/MOTOR VEHICLE-TRANSPORT,CLEAR,DAYLIGHT,NORTH,,,,,,,
20220048777,2/2/2022,TRUE,FALSE,TRUE,FALSE,HEAD-ON,RAIN,DARK - LIGHTED,WEST,,,,,,,
20220048892,2/2/2022,FALSE,FALSE,FALSE,FALSE,NOT COLLISION W/MOTOR VEHICLE-TRANSPORT,RAIN,DARK - LIGHTED,NORTH,,,,,,,
20220048954,2/2/2022,TRUE,FALSE,FALSE,FALSE,Front to Rear,RAIN,DARK - NOT LIGHTED,EAST,,,,,,,
20220048966,2/2/2022,FALSE,FALSE,FALSE,FALSE,NOT COLLISION W/MOTOR VEHICLE-TRANSPORT,CLOUDY,DARK - LIGHTED,HERMIT,,,,,,,
20220048997,2/2/2022,FALSE,FALSE,FALSE,FALSE,ANGLE,RAIN,DARK - LIGHTED,HERMIT,,,,,,,
20220049066,2/2/2022,FALSE,FALSE,FALSE,FALSE,Front to Rear,CLEAR,DAYLIGHT,NORTH,,,,,,,
20220049090,2/2/2022,FALSE,FALSE,FALSE,FALSE,SIDESWIPE - SAME DIRECTION,RAIN,DAYLIGHT,NORTH,,,,,,,
20220049099,2/2/2022,FALSE,FALSE,FALSE,FALSE,Front to Rear,RAIN,DAYLIGHT,MIDTOW,,,,,,,
20220049107,2/2/2022,FALSE,FALSE,FALSE,TRUE,NOT COLLISION W/MOTOR VEHICLE-TRANSPORT,RAIN,DAYLIGHT,HERMIT,,,,,,,
20220049124,2/2/2022,FALSE,FALSE,FALSE,FALSE,Front to Rear,CLOUDY,DAYLIGHT,SOUTH,,,,,,,
20220049127,2/2/2022,FALSE,FALSE,FALSE,FALSE,NOT COLLISION W/MOTOR VEHICLE-TRANSPORT,RAIN,DAYLIGHT,MADISO,,,,,,,
20220049140,2/2/2022,FALSE,FALSE,FALSE,FALSE,Front to Rear,RAIN,DAYLIGHT,WEST,,,,,,,