AccidentNumber,AccidentDate,Injury,Fatality,PropertyDamage,HitAndRun,CollisionType,Weather,Illumination,Precinct,,,,,,,
20220067511,2/13/2022,TRUE,FALSE,FALSE,FALSE,Front to Rear,CLEAR,DAYLIGHT,MIDTOW,,,,,,,
20220067519,2/13/2022,FALSE,FALSE,FALSE,FALSE,ANGLE,CLEAR,DAYLIGHT,CENTRA,,,,,,,
20220067602,2/13/2022,TRUE,FALSE,FALSE,FALSE,HEAD-ON,CLEAR,DARK - LIGHTED,SOUTH,,,,,,,
20220067672,2/13/2022,TRUE,FALSE,FALSE,TRUE,ANGLE,CLEAR,DARK - LIGHTED,SOUTH,,,,,,,
20220067782,2/13/2022,FALSE,FALSE,FALSE,TRUE,SIDESWIPE - OPPOSITE DIRECTION,CLEAR,DARK - NOT LIGHTED,HERMIT,,,,,,,
20220067785,2/13/2022,TRUE,FALSE,FALSE,FALSE,Front to Rear,CLEAR,DARK - NOT LIGHTED,SOUTH,,,,,,,
20220067793,2/13/2022,TRUE,FALSE,FALSE,FALSE,Front to Rear,CLEAR,DARK - LIGHTED,CENTRA,,,,,,,
20220067800,2/13/2022,FALSE,FALSE,FALSE,TRUE,ANGLE,CLOUDY,DARK - NOT LIGHTED,MADISO,,,,,,,
20220067801,2/13/2022,FALSE,FALSE,FALSE,FALSE,Front to Rear,CLEAR,DARK - NOT LIGHTED,NORTH,,,,,,,
20220067814,2/13/2022,TRUE,FALSE,FALSE,FALSE,NOT COLLISION W/MOTOR VEHICLE-TRANSPORT,CLEAR,DARK - NOT LIGHTED,MIDTOW,,,,,,,
20220067826,2/13/2022,TRUE,FALSE,TRUE,FALSE,NOT COLLISION W/MOTOR VEHICLE-TRANSPORT,CLEAR,DARK - LIGHTED,NORTH,,,,,,,
20220067848,2/13/2022,FALSE,FALSE,FALSE,FALSE,ANGLE,CLEAR,DUSK,MIDTOW,,,,,,,
20220067864,2/13/2022,FALSE,FALSE,FALSE,TRUE,SIDESWIPE - OPPOSITE DIRECTION,CLEAR,DARK - NOT LIGHTED,HERMIT,,,,,,,
20220067886,2/13/2022,FALSE,FALSE,FALSE,TRUE,Front to Rear,CLEAR,DARK - LIGHTED,EAST,,,,,,,
20220067918,2/13/2022,FALSE,FALSE,FALSE,TRUE,Front to Rear,CLEAR,DARK - LIGHTED,EAST,,,,,,,
20220067980,2/13/2022,TRUE,FALSE,FALSE,FALSE,Front to Rear,CLEAR,DAYLIGHT,SOUTH,,,,,,,
20220067999,2/14/2022,TRUE,FALSE,TRUE,FALSE,NOT COLLISION W/MOTOR VEHICLE-TRANSPORT,CLEAR,DARK - NOT LIGHTED,WEST,,,,,,,
20220068045,2/13/2022,FALSE,FALSE,FALSE,TRUE,ANGLE,CLEAR,DARK - LIGHTED,SOUTH,,,,,,,
20220068170,2/14/2022,FALSE,FALSE,FALSE,FALSE,NOT COLLISION W/MOTOR VEHICLE-TRANSPORT,CLEAR,DARK - NOT LIGHTED,SOUTH,,,,,,,
20220068279,2/14/2022,TRUE,FALSE,FALSE,TRUE,NOT COLLISION W/MOTOR VEHICLE-TRANSPORT,CLEAR,DAYLIGHT,MIDTOW,,,,,,,
20220068301,2/14/2022,FALSE,FALSE,FALSE,FALSE,ANGLE,CLEAR,DAYLIGHT,HERMIT,,,,,,,
20220068311,2/14/2022,FALSE,FALSE,FALSE,FALSE,Front to Rear,CLEAR,DAYLIGHT,SOUTH,,,,,,,
20220068328,2/14/2022,TRUE,FALSE,FALSE,FALSE,NOT COLLISION W/MOTOR VEHICLE-TRANSPORT,CLEAR,DAYLIGHT,NORTH,,,,,,,
20220068329,2/14/2022,FALSE,FALSE,FALSE,TRUE,Front to Rear,CLEAR,DARK - LIGHTED,SOUTH,,,,,,,
20220068331,2/14/2022,FALSE,FALSE,FALSE,FALSE,Front to Rear,CLEAR,DAYLIGHT,SOUTH,,,,,,,
20220068343,2/14/2022,FALSE,FALSE,FALSE,FALSE,Front to Rear,CLEAR,DAYLIGHT,MIDTOW,,,,,,,
20220068349,2/14/2022,TRUE,FALSE,FALSE,FALSE,ANGLE,CLEAR,DAYLIGHT,HERMIT,,,,,,,
20220068368,2/14/2022,FALSE,FALSE,FALSE,FALSE,Front to Rear,CLEAR,DAYLIGHT,SOUTH,,,,,,,
20220068393,2/14/2022,FALSE,FALSE,FALSE,FALSE,SIDESWIPE - SAME DIRECTION,CLEAR,DAYLIGHT,WEST,,,,,,,
20220068396,2/14/2022,FALSE,FALSE,FALSE,FALSE,Front to Rear,CLEAR,DAYLIGHT,EAST,,,,,,,
20220068414,2/14/2022,TRUE,FALSE,FALSE,TRUE,Front to Rear,CLEAR,DAYLIGHT,SOUTH,,,,,,,
20220068423,2/14/2022,FALSE,FALSE,FALSE,FALSE,Front to Rear,CLEAR,DAYLIGHT,EAST,,,,,,,
20220068448,2/14/2022,FALSE,FALSE,FALSE,TRUE,Front to Rear,CLEAR,DAYLIGHT,HERMIT,,,,,,,
20220068462,2/14/2022,FALSE,FALSE,FALSE,FALSE,SIDESWIPE - SAME DIRECTION,CLEAR,DAYLIGHT,MIDTOW,,,,,,,
20220068479,2/14/2022,FALSE,FALSE,FALSE,FALSE,Front to Rear,CLEAR,DAYLIGHT,SOUTH,,,,,,,
20220068563,2/14/2022,FALSE,FALSE,FALSE,TRUE,ANGLE,CLEAR,DAYLIGHT,WEST,,,,,,,
20220068594,2/14/2022,FALSE,FALSE,FALSE,FALSE,ANGLE,CLEAR,DAYLIGHT,MIDTOW,,,,,,,
20220068595,2/13/2022,FALSE,FALSE,TRUE,TRUE,NOT COLLISION W/MOTOR VEHICLE-TRANSPORT,CLEAR,DARK - NOT LIGHTED,MADISO,,,,,,,
20220068598,2/14/2022,FALSE,FALSE,FALSE,FALSE,ANGLE,CLEAR,DAYLIGHT,SOUTH,,,,,,,
20220068623,2/14/2022,FALSE,FALSE,FALSE,FALSE,SIDESWIPE - SAME DIRECTION,CLEAR,DAYLIGHT,HERMIT,,,,,,,
20220068643,2/14/2022,TRUE,FALSE,FALSE,FALSE,Front to Rear,CLEAR,DAYLIGHT,WEST,,,,,,,
20220068675,2/14/2022,FALSE,FALSE,FALSE,FALSE,ANGLE,CLEAR,DAYLIGHT,HERMIT,,,,,,,
20220068728,2/14/2022,TRUE,FALSE,FALSE,FALSE,SIDESWIPE - SAME DIRECTION,CLEAR,DAYLIGHT,SOUTH,,,,,,,
20220068780,2/14/2022,TRUE,FALSE,FALSE,FALSE,SIDESWIPE - OPPOSITE DIRECTION,CLEAR,DAYLIGHT,SOUTH,,,,,,,
20220068788,2/14/2022,TRUE,FALSE,FALSE,FALSE,Front to Rear,CLEAR,DAYLIGHT,MIDTOW,,,,,,,
20220068822,2/14/2022,FALSE,FALSE,FALSE,FALSE,ANGLE,CLEAR,DAYLIGHT,SOUTH,,,,,,,
20220068825,2/14/2022,FALSE,FALSE,FALSE,FALSE,ANGLE,CLEAR,DAYLIGHT,SOUTH,,,,,,,
20220068832,2/14/2022,TRUE,FALSE,FALSE,FALSE,Front to Rear,CLEAR,DAYLIGHT,HERMIT,,,,,,,
20220068845,2/14/2022,FALSE,FALSE,FALSE,FALSE,Front to Rear,CLEAR,DAYLIGHT,WEST,,,,,,,
20220068846,2/14/2022,TRUE,FALSE,FALSE,TRUE,ANGLE,CLEAR,DAYLIGHT,HERMIT,,,,,,,
20220068853,2/14/2022,TRUE,FALSE,FALSE,FALSE,NOT COLLISION W/MOTOR VEHICLE-TRANSPORT,CLEAR,DAYLIGHT,WEST,,,,,,,
20220068898,2/14/2022,FALSE,FALSE,FALSE,FALSE,Front to Rear,CLEAR,DAYLIGHT,HERMIT,,,,,,,
20220068902,2/14/2022,FALSE,FALSE,FALSE,TRUE,ANGLE,CLEAR,DAYLIGHT,HERMIT,,,,,,,
20220068914,2/14/2022,TRUE,FALSE,FALSE,FALSE,ANGLE,CLEAR,DAYLIGHT,SOUTH,,,,,,,
20220068940,2/14/2022,TRUE,FALSE,FALSE,FALSE,Front to Rear,CLEAR,DAYLIGHT,MIDTOW,,,,,,,
20220068944,2/14/2022,FALSE,FALSE,FALSE,FALSE,NOT COLLISION W/MOTOR VEHICLE-TRANSPORT,CLEAR,DAYLIGHT,EAST,,,,,,,
20220068946,2/14/2022,FALSE,FALSE,FALSE,FALSE,ANGLE,CLEAR,DAYLIGHT,HERMIT,,,,,,,
20220068966,2/14/2022,TRUE,FALSE,FALSE,FALSE,Front to Rear,CLEAR,DAYLIGHT,MIDTOW,,,,,,,
20220068982,2/14/2022,FALSE,FALSE,FALSE,FALSE,Front to Rear,CLEAR,DAYLIGHT,WEST,,,,,,,
20220068983,2/14/2022,TRUE,FALSE,FALSE,FALSE,Front to Rear,CLEAR,DAYLIGHT,EAST,,,,,,,
20220068996,2/14/2022,TRUE,FALSE,FALSE,FALSE,ANGLE,CLEAR,DAYLIGHT,SOUTH,,,,,,,
20220069005,2/14/2022,TRUE,FALSE,TRUE,FALSE,Front to Rear,CLEAR,DAYLIGHT,MIDTOW,,,,,,,
20220069017,2/14/2022,FALSE,FALSE,FALSE,FALSE,ANGLE,CLEAR,DAYLIGHT,CENTRA,,,,,,,
20220069040,2/14/2022,FALSE,FALSE,FALSE,FALSE,Front to Rear,CLEAR,DAYLIGHT,MADISO,,,,,,,
20220069058,2/14/2022,FALSE,FALSE,FALSE,FALSE,SIDESWIPE - SAME DIRECTION,CLEAR,DAYLIGHT,MIDTOW,,,,,,,
20220069060,2/14/2022,FALSE,FALSE,FALSE,FALSE,SIDESWIPE - SAME DIRECTION,CLEAR,DAYLIGHT,WEST,,,,,,,
20220069062,2/14/2022,FALSE,FALSE,FALSE,FALSE,SIDESWIPE - SAME DIRECTION,CLEAR,DAYLIGHT,HERMIT,,,,,,,
20220069087,2/14/2022,FALSE,FALSE,FALSE,FALSE,OTHER,CLEAR,DAYLIGHT,MADISO,,,,,,,
20220069113,2/14/2022,TRUE,FALSE,FALSE,FALSE,Front to Rear,CLEAR,DAYLIGHT,CENTRA,,,,,,,
20220069120,2/14/2022,FALSE,FALSE,FALSE,FALSE,Front to Rear,CLEAR,DAYLIGHT,WEST,,,,,,,
20220069142,2/14/2022,TRUE,FALSE,FALSE,FALSE,Front to Rear,CLEAR,DAYLIGHT,MADISO,,,,,,,
20220069203,2/14/2022,FALSE,FALSE,FALSE,FALSE,ANGLE,CLEAR,DARK - LIGHTED,HERMIT,,,,,,,
20220069217,2/14/2022,FALSE,FALSE,FALSE,FALSE,ANGLE,CLEAR,DAYLIGHT,MIDTOW,,,,,,,
20220069221,2/14/2022,FALSE,FALSE,FALSE,FALSE,Front to Rear,CLEAR,DARK - LIGHTED,NORTH,,,,,,,
20220069230,2/14/2022,TRUE,FALSE,FALSE,FALSE,Front to Rear,CLEAR,DARK - LIGHTED,MIDTOW,,,,,,,
20220069236,2/14/2022,TRUE,FALSE,FALSE,FALSE,Front to Rear,CLEAR,DARK - LIGHTED,MADISO,,,,,,,
20220069239,2/14/2022,FALSE,FALSE,FALSE,FALSE,Front to Rear,CLEAR,DAYLIGHT,SOUTH,,,,,,,
20220069251,2/14/2022,TRUE,FALSE,FALSE,FALSE,Front to Rear,CLEAR,DARK - NOT LIGHTED,SOUTH,,,,,,,
20220069265,2/14/2022,FALSE,FALSE,FALSE,FALSE,ANGLE,CLEAR,DARK - LIGHTED,HERMIT,,,,,,,
20220069275,2/14/2022,TRUE,FALSE,FALSE,FALSE,Front to Rear,CLEAR,DARK - LIGHTED,MIDTOW,,,,,,,
20220069291,2/14/2022,FALSE,FALSE,FALSE,TRUE,Front to Rear,CLEAR,DARK - LIGHTED,EAST,,,,,,,
20220069296,2/14/2022,TRUE,FALSE,FALSE,FALSE,Front to Rear,CLEAR,DARK - LIGHTED,CENTRA,,,,,,,
20220069346,2/14/2022,TRUE,FALSE,FALSE,FALSE,ANGLE,CLEAR,DAYLIGHT,SOUTH,,,,,,,
20220069352,2/14/2022,TRUE,FALSE,FALSE,FALSE,SIDESWIPE - SAME DIRECTION,CLEAR,DARK - NOT LIGHTED,MIDTOW,,,,,,,
20220069454,2/14/2022,FALSE,FALSE,FALSE,TRUE,HEAD-ON,CLEAR,DARK - NOT LIGHTED,MIDTOW,,,,,,,
20220069460,2/14/2022,TRUE,FALSE,FALSE,FALSE,ANGLE,CLEAR,DARK - LIGHTED,CENTRA,,,,,,,
20220069547,2/14/2022,FALSE,FALSE,FALSE,FALSE,Front to Rear,CLEAR,DARK - LIGHTED,MIDTOW,,,,,,,
20220069580,2/14/2022,FALSE,FALSE,FALSE,FALSE,Front to Rear,CLOUDY,DARK - LIGHTED,CENTRA,,,,,,,
20220069626,2/15/2022,FALSE,FALSE,FALSE,FALSE,SIDESWIPE - SAME DIRECTION,CLEAR,DARK - LIGHTED,MIDTOW,,,,,,,
20220069823,2/15/2022,FALSE,FALSE,FALSE,FALSE,NOT COLLISION W/MOTOR VEHICLE-TRANSPORT,CLEAR,DARK - LIGHTED,MADISO,,,,,,,
20220069898,2/15/2022,FALSE,FALSE,FALSE,FALSE,NOT COLLISION W/MOTOR VEHICLE-TRANSPORT,CLEAR,DARK - LIGHTED,NORTH,,,,,,,
20220069953,2/15/2022,TRUE,FALSE,FALSE,FALSE,HEAD-ON,CLEAR,DAYLIGHT,SOUTH,,,,,,,
20220070026,2/15/2022,FALSE,FALSE,FALSE,FALSE,ANGLE,CLEAR,DAYLIGHT,HERMIT,,,,,,,
20220070031,2/15/2022,FALSE,FALSE,FALSE,FALSE,Front to Rear,CLEAR,DAYLIGHT,WEST,,,,,,,
20220070093,2/15/2022,FALSE,FALSE,FALSE,FALSE,Front to Rear,CLEAR,DAYLIGHT,NORTH,,,,,,,
20220070100,2/15/2022,FALSE,FALSE,FALSE,FALSE,NOT COLLISION W/MOTOR VEHICLE-TRANSPORT,CLEAR,DAYLIGHT,MIDTOW,,,,,,,
20220070109,2/15/2022,FALSE,FALSE,FALSE,FALSE,Front to Rear,CLEAR,DAYLIGHT,WEST,,,,,,,
20220070113,2/15/2022,TRUE,FALSE,FALSE,TRUE,Front to Rear,CLEAR,DAYLIGHT,SOUTH,,,,,,,
20220070163,2/15/2022,TRUE,FALSE,FALSE,FALSE,Front to Rear,CLEAR,DAYLIGHT,SOUTH,,,,,,,
20220070213,2/15/2022,FALSE,FALSE,FALSE,TRUE,Front to Rear,CLEAR,DAYLIGHT,MADISO,,,,,,,
20220070262,2/15/2022,TRUE,FALSE,FALSE,TRUE,Front to Rear,CLEAR,DAYLIGHT,SOUTH,,,,,,,
20220070290,2/15/2022,FALSE,FALSE,FALSE,FALSE,SIDESWIPE - SAME DIRECTION,CLEAR,DAYLIGHT,MADISO,,,,,,,
20220070291,2/15/2022,FALSE,FALSE,FALSE,FALSE,ANGLE,CLEAR,DAYLIGHT,HERMIT,,,,,,,
20220070318,2/15/2022,TRUE,FALSE,FALSE,FALSE,ANGLE,CLEAR,DAYLIGHT,MADISO,,,,,,,
20220070327,2/15/2022,FALSE,FALSE,FALSE,TRUE,Front to Rear,CLEAR,DAYLIGHT,SOUTH,,,,,,,
20220070369,2/15/2022,FALSE,FALSE,FALSE,TRUE,ANGLE,CLEAR,DAYLIGHT,WEST,,,,,,,
20220070379,2/15/2022,FALSE,FALSE,FALSE,FALSE,OTHER,CLEAR,DAYLIGHT,MIDTOW,,,,,,,
20220070453,2/15/2022,FALSE,FALSE,FALSE,FALSE,ANGLE,CLEAR,DAYLIGHT,SOUTH,,,,,,,
20220070489,2/15/2022,FALSE,FALSE,FALSE,FALSE,Front to Rear,CLEAR,DAYLIGHT,MIDTOW,,,,,,,
20220070496,2/15/2022,FALSE,FALSE,TRUE,FALSE,NOT COLLISION W/MOTOR VEHICLE-TRANSPORT,CLEAR,Dark-Unknown Lighting,SOUTH,,,,,,,
20220070569,2/15/2022,FALSE,FALSE,FALSE,FALSE,ANGLE,CLEAR,DAYLIGHT,NORTH,,,,,,,
20220070609,2/15/2022,FALSE,FALSE,FALSE,TRUE,SIDESWIPE - SAME DIRECTION,CLEAR,DAYLIGHT,SOUTH,,,,,,,
20220070613,2/15/2022,FALSE,FALSE,FALSE,FALSE,Front to Rear,CLEAR,DAYLIGHT,SOUTH,,,,,,,
20220070653,2/15/2022,TRUE,FALSE,FALSE,FALSE,Front to Rear,CLEAR,DAYLIGHT,SOUTH,,,,,,,
20220070690,2/15/2022,TRUE,FALSE,FALSE,FALSE,Front to Rear,CLEAR,DAYLIGHT,EAST,,,,,,,
20220070717,2/15/2022,TRUE,FALSE,FALSE,FALSE,Front to Rear,CLEAR,DAYLIGHT,MIDTOW,,,,,,,
20220070726,2/15/2022,FALSE,FALSE,FALSE,TRUE,SIDESWIPE - SAME DIRECTION,CLEAR,DAYLIGHT,HERMIT,,,,,,,
20220070769,2/15/2022,FALSE,FALSE,FALSE,FALSE,SIDESWIPE - SAME DIRECTION,CLEAR,DAYLIGHT,NORTH,,,,,,,
20220070795,2/15/2022,FALSE,FALSE,FALSE,FALSE,NOT COLLISION W/MOTOR VEHICLE-TRANSPORT,CLEAR,DAYLIGHT,SOUTH,,,,,,,
20220070891,2/15/2022,FALSE,FALSE,FALSE,TRUE,Front to Rear,CLEAR,DAYLIGHT,MIDTOW,,,,,,,
20220070909,2/15/2022,TRUE,FALSE,FALSE,FALSE,NOT COLLISION W/MOTOR VEHICLE-TRANSPORT,CLEAR,DAYLIGHT,NORTH,,,,,,,
20220070937,2/15/2022,TRUE,FALSE,FALSE,FALSE,OTHER,CLEAR,DAYLIGHT,MIDTOW,,,,,,,
20220070946,2/15/2022,TRUE,FALSE,FALSE,FALSE,ANGLE,CLEAR,DAYLIGHT,WEST,,,,,,,
20220070966,2/15/2022,FALSE,FALSE,FALSE,FALSE,ANGLE,CLEAR,DUSK,CENTRA,,,,,,,
20220070996,2/15/2022,FALSE,FALSE,TRUE,FALSE,NOT COLLISION W/MOTOR VEHICLE-TRANSPORT,CLEAR,DARK - NOT LIGHTED,MADISO,,,,,,,
20220070998,2/15/2022,FALSE,FALSE,FALSE,FALSE,ANGLE,CLEAR,DAYLIGHT,MIDTOW,,,,,,,
20220071005,2/15/2022,TRUE,FALSE,FALSE,FALSE,ANGLE,CLEAR,DAYLIGHT,HERMIT,,,,,,,
20220071010,2/15/2022,FALSE,FALSE,TRUE,FALSE,NOT COLLISION W/MOTOR VEHICLE-TRANSPORT,CLEAR,DAYLIGHT,SOUTH,,,,,,,
20220071024,2/15/2022,FALSE,FALSE,FALSE,FALSE,Front to Rear,CLEAR,DUSK,MADISO,,,,,,,
20220071039,2/15/2022,TRUE,FALSE,FALSE,FALSE,Front to Rear,CLEAR,DARK - LIGHTED,MIDTOW,,,,,,,
20220071040,2/15/2022,TRUE,FALSE,FALSE,FALSE,Front to Rear,CLEAR,DAYLIGHT,MIDTOW,,,,,,,
20220071047,2/15/2022,FALSE,FALSE,FALSE,TRUE,Front to Rear,CLEAR,DARK - LIGHTED,MIDTOW,,,,,,,
20220071053,2/15/2022,FALSE,FALSE,FALSE,FALSE,Front to Rear,CLEAR,DUSK,SOUTH,,,,,,,
20220071065,2/15/2022,FALSE,FALSE,FALSE,FALSE,ANGLE,CLEAR,DARK - LIGHTED,NORTH,,,,,,,
20220071069,2/15/2022,TRUE,FALSE,FALSE,FALSE,Front to Rear,CLEAR,DARK - NOT LIGHTED,MIDTOW,,,,,,,
20220071226,2/15/2022,FALSE,FALSE,FALSE,FALSE,Front to Rear,CLEAR,DARK - LIGHTED,SOUTH,,,,,,,
20220071377,2/15/2022,TRUE,FALSE,FALSE,FALSE,NOT COLLISION W/MOTOR VEHICLE-TRANSPORT,CLEAR,DARK - LIGHTED,SOUTH,,,,,,,
20220071383,2/15/2022,FALSE,FALSE,FALSE,FALSE,ANGLE,CLEAR,DARK - LIGHTED,HERMIT,,,,,,,
20220071468,2/15/2022,FALSE,FALSE,FALSE,TRUE,SIDESWIPE - SAME DIRECTION,CLEAR,DARK - NOT LIGHTED,HERMIT,,,,,,,
20220071533,2/15/2022,TRUE,FALSE,FALSE,FALSE,SIDESWIPE - SAME DIRECTION,CLEAR,DARK - NOT LIGHTED,HERMIT,,,,,,,
20220071655,2/15/2022,FALSE,FALSE,FALSE,FALSE,NOT COLLISION W/MOTOR VEHICLE-TRANSPORT,CLEAR,DARK - NOT LIGHTED,SOUTH,,,,,,,
20220071908,2/16/2022,FALSE,FALSE,FALSE,FALSE,SIDESWIPE - SAME DIRECTION,CLEAR,DAYLIGHT,CENTRA,,,,,,,
20220071963,2/16/2022,TRUE,FALSE,FALSE,FALSE,Front to Rear,CLEAR,DAYLIGHT,EAST,,,,,,,
20220071972,2/16/2022,FALSE,FALSE,FALSE,FALSE,Front to Rear,CLEAR,DAYLIGHT,NORTH,,,,,,,
20220071975,2/16/2022,FALSE,FALSE,FALSE,FALSE,ANGLE,CLEAR,DAYLIGHT,WEST,,,,,,,
20220071991,2/16/2022,FALSE,FALSE,FALSE,TRUE,ANGLE,CLEAR,DAYLIGHT,HERMIT,,,,,,,
20220072052,2/16/2022,TRUE,FALSE,FALSE,FALSE,Front to Rear,CLEAR,DAYLIGHT,MIDTOW,,,,,,,
20220072118,2/16/2022,TRUE,FALSE,FALSE,FALSE,ANGLE,CLEAR,DAYLIGHT,NORTH,,,,,,,
20220072163,2/16/2022,FALSE,FALSE,FALSE,FALSE,SIDESWIPE - SAME DIRECTION,CLEAR,DAYLIGHT,HERMIT,,,,,,,
20220072169,2/16/2022,TRUE,FALSE,FALSE,FALSE,ANGLE,CLEAR,DAYLIGHT,HERMIT,,,,,,,
20220072174,2/16/2022,TRUE,FALSE,FALSE,FALSE,NOT COLLISION W/MOTOR VEHICLE-TRANSPORT,CLOUDY,DAYLIGHT,WEST,,,,,,,
20220072188,2/16/2022,FALSE,FALSE,FALSE,FALSE,Front to Rear,CLEAR,DAYLIGHT,HERMIT,,,,,,,
20220072220,2/16/2022,FALSE,FALSE,FALSE,FALSE,SIDESWIPE - SAME DIRECTION,CLEAR,DAYLIGHT,CENTRA,,,,,,,
20220072240,2/16/2022,FALSE,FALSE,FALSE,FALSE,Front to Rear,CLEAR,DAYLIGHT,HERMIT,,,,,,,
20220072252,2/16/2022,FALSE,FALSE,FALSE,FALSE,Front to Rear,CLEAR,DAYLIGHT,HERMIT,,,,,,,
20220072340,2/16/2022,FALSE,FALSE,FALSE,FALSE,Front to Rear,CLOUDY,DAYLIGHT,EAST,,,,,,,
20220072370,2/16/2022,FALSE,FALSE,FALSE,FALSE,ANGLE,CLEAR,DAYLIGHT,HERMIT,,,,,,,
20220072395,2/16/2022,FALSE,FALSE,FALSE,TRUE,ANGLE,CLOUDY,DAYLIGHT,WEST,,,,,,,
20220072415,2/16/2022,FALSE,FALSE,FALSE,TRUE,Front to Rear,CLEAR,DAYLIGHT,CENTRA,,,,,,,
20220072465,2/16/2022,TRUE,FALSE,FALSE,FALSE,NOT COLLISION W/MOTOR VEHICLE-TRANSPORT,CLEAR,DAYLIGHT,SOUTH,,,,,,,
20220072466,2/16/2022,FALSE,FALSE,FALSE,FALSE,NOT COLLISION W/MOTOR VEHICLE-TRANSPORT,CLEAR,DAYLIGHT,HERMIT,,,,,,,
20220072470,2/16/2022,FALSE,FALSE,FALSE,FALSE,SIDESWIPE - SAME DIRECTION,CLEAR,DAYLIGHT,SOUTH,,,,,,,
20220072502,2/16/2022,FALSE,FALSE,FALSE,FALSE,SIDESWIPE - SAME DIRECTION,CLEAR,DAYLIGHT,WEST,,,,,,,
20220072520,2/16/2022,FALSE,FALSE,FALSE,FALSE,Front to Rear,CLEAR,DAYLIGHT,HERMIT,,,,,,,
20220072598,2/16/2022,TRUE,FALSE,FALSE,FALSE,SIDESWIPE - SAME DIRECTION,CLEAR,DAYLIGHT,EAST,,,,,,,
20220072606,2/16/2022,FALSE,FALSE,TRUE,FALSE,NOT COLLISION W/MOTOR VEHICLE-TRANSPORT,CLEAR,DAYLIGHT,WEST,,,,,,,
20220072632,2/16/2022,TRUE,FALSE,FALSE,FALSE,Front to Rear,CLEAR,DAYLIGHT,WEST,,,,,,,
20220072667,2/16/2022,TRUE,FALSE,FALSE,FALSE,ANGLE,CLEAR,DAYLIGHT,HERMIT,,,,,,,
20220072674,2/16/2022,FALSE,FALSE,FALSE,TRUE,ANGLE,CLEAR,DAYLIGHT,EAST,,,,,,,
20220072695,2/16/2022,TRUE,FALSE,FALSE,FALSE,NOT COLLISION W/MOTOR VEHICLE-TRANSPORT,CLEAR,DAYLIGHT,HERMIT,,,,,,,
20220072713,2/16/2022,FALSE,FALSE,FALSE,FALSE,Front to Rear,CLEAR,DAYLIGHT,HERMIT,,,,,,,
20220072719,2/16/2022,TRUE,FALSE,FALSE,FALSE,ANGLE,CLEAR,DAYLIGHT,MIDTOW,,,,,,,
20220072727,2/16/2022,TRUE,FALSE,FALSE,FALSE,Front to Rear,CLEAR,DAYLIGHT,SOUTH,,,,,,,
20220072781,2/16/2022,FALSE,FALSE,FALSE,TRUE,SIDESWIPE - SAME DIRECTION,CLEAR,DAYLIGHT,HERMIT,,,,,,,
20220072833,2/16/2022,FALSE,FALSE,FALSE,FALSE,SIDESWIPE - SAME DIRECTION,CLEAR,DAYLIGHT,SOUTH,,,,,,,
20220072840,2/16/2022,FALSE,FALSE,FALSE,FALSE,SIDESWIPE - SAME DIRECTION,CLEAR,DUSK,NORTH,,,,,,,
20220072848,2/16/2022,FALSE,FALSE,FALSE,FALSE,Front to Rear,CLEAR,DUSK,HERMIT,,,,,,,
20220072865,2/16/2022,FALSE,FALSE,FALSE,FALSE,ANGLE,CLEAR,DARK - LIGHTED,HERMIT,,,,,,,
20220072872,2/16/2022,FALSE,FALSE,FALSE,FALSE,ANGLE,CLOUDY,DAYLIGHT,MIDTOW,,,,,,,
20220072873,2/16/2022,FALSE,FALSE,FALSE,FALSE,Front to Rear,CLEAR,DUSK,HERMIT,,,,,,,
20220072876,2/16/2022,FALSE,FALSE,FALSE,TRUE,Front to Rear,CLEAR,DAYLIGHT,WEST,,,,,,,
20220072926,2/16/2022,TRUE,FALSE,FALSE,FALSE,HEAD-ON,CLEAR,DARK - NOT LIGHTED,HERMIT,,,,,,,
20220072990,2/16/2022,FALSE,FALSE,FALSE,FALSE,SIDESWIPE - SAME DIRECTION,CLEAR,DARK - LIGHTED,SOUTH,,,,,,,
20220072993,2/16/2022,FALSE,FALSE,FALSE,FALSE,Front to Rear,CLEAR,DARK - LIGHTED,NORTH,,,,,,,
20220073042,2/16/2022,FALSE,FALSE,FALSE,FALSE,NOT COLLISION W/MOTOR VEHICLE-TRANSPORT,CLEAR,DAYLIGHT,HERMIT,,,,,,,
20220073053,2/16/2022,TRUE,FALSE,FALSE,FALSE,ANGLE,CLEAR,DAYLIGHT,HERMIT,,,,,,,
20220073134,2/16/2022,TRUE,FALSE,FALSE,FALSE,Front to Rear,CLEAR,DARK - LIGHTED,HERMIT,,,,,,,
20220073196,2/16/2022,TRUE,FALSE,FALSE,FALSE,ANGLE,CLEAR,DARK - LIGHTED,SOUTH,,,,,,,