AccidentNumber,AccidentDate,Injury,Fatality,PropertyDamage,HitAndRun,CollisionType,Weather,Illumination,Precinct,,,,,,,
20220112118,3/10/2022,FALSE,FALSE,FALSE,FALSE,SIDESWIPE - SAME DIRECTION,CLEAR,DAYLIGHT,SOUTH,,,,,,,
20220112129,3/10/2022,FALSE,FALSE,FALSE,FALSE,Front to Rear,CLEAR,DAYLIGHT,WEST,,,,,,,
20220112145,3/10/2022,TRUE,FALSE,FALSE,TRUE,Front to Rear,CLEAR,DAYLIGHT,SOUTH,,,,,,,
20220112215,3/10/2022,FALSE,FALSE,FALSE,FALSE,Front to Rear,CLEAR,DAYLIGHT,SOUTH,,,,,,,
20220112216,3/10/2022,TRUE,FALSE,FALSE,FALSE,Front to Rear,CLEAR,DAYLIGHT,MADISO,,,,,,,
20220112227,3/10/2022,FALSE,FALSE,FALSE,FALSE,HEAD-ON,CLEAR,DAYLIGHT,HERMIT,,,,,,,
20220112274,3/10/2022,FALSE,FALSE,FALSE,FALSE,ANGLE,CLEAR,DAYLIGHT,SOUTH,,,,,,,
20220112296,3/10/2022,FALSE,FALSE,FALSE,FALSE,NOT COLLISION W/MOTOR VEHICLE-TRANSPORT,CLEAR,DARK - LIGHTED,NORTH,,,,,,,
20220112358,3/10/2022,FALSE,FALSE,FALSE,FALSE,Front to Rear,CLOUDY,DARK - LIGHTED,HERMIT,,,,,,,
20220112370,3/10/2022,FALSE,FALSE,FALSE,FALSE,Front to Rear,CLEAR,DARK - LIGHTED,SOUTH,,,,,,,
20220112398,3/10/2022,FALSE,FALSE,FALSE,FALSE,SIDESWIPE - SAME DIRECTION,CLEAR,DUSK,MADISO,,,,,,,
20220112417,3/10/2022,FALSE,FALSE,FALSE,FALSE,Front to Rear,CLOUDY,DARK - LIGHTED,HERMIT,,,,,,,
20220112436,3/10/2022,TRUE,FALSE,FALSE,FALSE,Front to Rear,CLEAR,DARK - LIGHTED,WEST,,,,,,,
20220112437,3/10/2022,FALSE,FALSE,TRUE,FALSE,NOT COLLISION W/MOTOR VEHICLE-TRANSPORT,CLEAR,DAYLIGHT,HERMIT,,,,,,,
20220112469,3/10/2022,FALSE,FALSE,FALSE,FALSE,ANGLE,CLEAR,DARK - LIGHTED,MIDTOW,,,,,,,
20220112499,3/10/2022,FALSE,FALSE,FALSE,FALSE,ANGLE,CLEAR,DARK - LIGHTED,SOUTH,,,,,,,
20220112571,3/5/2022,FALSE,FALSE,TRUE,FALSE,NOT COLLISION W/MOTOR VEHICLE-TRANSPORT,CLEAR,DARK - LIGHTED,MADISO,,,,,,,
20220112653,3/10/2022,FALSE,FALSE,FALSE,TRUE,ANGLE,CLEAR,DARK - LIGHTED,MADISO,,,,,,,
20220112691,3/10/2022,FALSE,FALSE,FALSE,FALSE,Front to Rear,CLEAR,DARK - NOT LIGHTED,SOUTH,,,,,,,
20220112699,3/10/2022,TRUE,FALSE,FALSE,FALSE,SIDESWIPE - SAME DIRECTION,CLEAR,DARK - LIGHTED,CENTRA,,,,,,,
20220112730,3/10/2022,FALSE,FALSE,FALSE,FALSE,ANGLE,CLEAR,DARK - LIGHTED,WEST,,,,,,,
20220112733,3/10/2022,FALSE,FALSE,FALSE,TRUE,Front to Rear,CLEAR,DARK - LIGHTED,SOUTH,,,,,,,
20220112804,3/11/2022,FALSE,FALSE,FALSE,FALSE,SIDESWIPE - SAME DIRECTION,CLEAR,DARK - LIGHTED,CENTRA,,,,,,,
20220113017,3/11/2022,TRUE,FALSE,FALSE,FALSE,ANGLE,CLEAR,DARK - LIGHTED,SOUTH,,,,,,,
20220113136,3/11/2022,FALSE,FALSE,FALSE,FALSE,NOT COLLISION W/MOTOR VEHICLE-TRANSPORT,CLEAR,DARK - LIGHTED,MADISO,,,,,,,
20220113165,3/11/2022,FALSE,FALSE,TRUE,TRUE,ANGLE,CLEAR,DAWN,MIDTOW,,,,,,,
20220113258,3/11/2022,TRUE,FALSE,FALSE,FALSE,ANGLE,CLEAR,DAWN,SOUTH,,,,,,,
20220113297,3/11/2022,TRUE,FALSE,FALSE,FALSE,Front to Rear,CLEAR,DAYLIGHT,HERMIT,,,,,,,
20220113323,3/11/2022,FALSE,FALSE,FALSE,TRUE,Front to Rear,CLEAR,DAYLIGHT,SOUTH,,,,,,,
20220113344,3/11/2022,TRUE,FALSE,FALSE,FALSE,Front to Rear,CLEAR,DAYLIGHT,WEST,,,,,,,
20220113403,3/11/2022,FALSE,FALSE,FALSE,FALSE,ANGLE,CLEAR,DAYLIGHT,HERMIT,,,,,,,
20220113415,3/11/2022,TRUE,FALSE,FALSE,FALSE,Front to Rear,CLEAR,DAYLIGHT,SOUTH,,,,,,,
20220113498,3/11/2022,FALSE,FALSE,FALSE,TRUE,SIDESWIPE - SAME DIRECTION,CLEAR,DAYLIGHT,SOUTH,,,,,,,
20220113546,3/11/2022,TRUE,FALSE,FALSE,FALSE,HEAD-ON,CLEAR,DAYLIGHT,HERMIT,,,,,,,
20220113615,3/11/2022,FALSE,FALSE,FALSE,FALSE,Front to Rear,CLEAR,DAYLIGHT,CENTRA,,,,,,,
20220113633,3/11/2022,FALSE,FALSE,FALSE,FALSE,ANGLE,CLEAR,DAYLIGHT,EAST,,,,,,,
20220113690,3/11/2022,FALSE,FALSE,FALSE,FALSE,Front to Rear,CLEAR,DAYLIGHT,MADISO,,,,,,,
20220113828,3/11/2022,FALSE,FALSE,FALSE,FALSE,Front to Rear,CLEAR,DAYLIGHT,CENTRA,,,,,,,
20220113883,3/11/2022,FALSE,FALSE,FALSE,TRUE,ANGLE,CLOUDY,DAYLIGHT,HERMIT,,,,,,,
20220113904,3/11/2022,TRUE,FALSE,FALSE,FALSE,SIDESWIPE - SAME DIRECTION,CLOUDY,DAYLIGHT,HERMIT,,,,,,,
20220113914,3/11/2022,FALSE,FALSE,FALSE,FALSE,Front to Rear,CLOUDY,DAYLIGHT,CENTRA,,,,,,,
20220113925,3/11/2022,TRUE,FALSE,FALSE,FALSE,Front to Rear,CLOUDY,DAYLIGHT,SOUTH,,,,,,,
20220113929,3/11/2022,TRUE,FALSE,FALSE,TRUE,Front to Rear,CLOUDY,DAYLIGHT,CENTRA,,,,,,,
20220113953,3/11/2022,FALSE,FALSE,FALSE,FALSE,SIDESWIPE - SAME DIRECTION,CLEAR,DAYLIGHT,EAST,,,,,,,
20220113961,3/11/2022,FALSE,FALSE,FALSE,FALSE,Front to Rear,CLEAR,DAYLIGHT,WEST,,,,,,,
20220113962,3/11/2022,TRUE,FALSE,FALSE,FALSE,Front to Rear,CLOUDY,DAYLIGHT,CENTRA,,,,,,,
20220113967,3/11/2022,FALSE,FALSE,FALSE,FALSE,ANGLE,CLOUDY,DAYLIGHT,MIDTOW,,,,,,,
20220113976,3/11/2022,FALSE,FALSE,FALSE,FALSE,ANGLE,CLEAR,DAYLIGHT,MIDTOW,,,,,,,
20220113991,3/11/2022,TRUE,FALSE,FALSE,FALSE,NOT COLLISION W/MOTOR VEHICLE-TRANSPORT,CLOUDY,DAYLIGHT,SOUTH,,,,,,,
20220114025,3/11/2022,TRUE,FALSE,FALSE,FALSE,Front to Rear,CLEAR,DAYLIGHT,EAST,,,,,,,
20220114033,3/11/2022,TRUE,FALSE,FALSE,FALSE,ANGLE,CLEAR,DAYLIGHT,NORTH,,,,,,,
20220114058,3/11/2022,FALSE,FALSE,FALSE,FALSE,Front to Rear,CLEAR,DAYLIGHT,HERMIT,,,,,,,
20220114082,3/11/2022,FALSE,FALSE,FALSE,TRUE,ANGLE,CLEAR,DAYLIGHT,MIDTOW,,,,,,,
20220114086,3/11/2022,FALSE,FALSE,FALSE,TRUE,SIDESWIPE - SAME DIRECTION,CLOUDY,DAYLIGHT,SOUTH,,,,,,,
20220114113,3/11/2022,TRUE,FALSE,FALSE,FALSE,Front to Rear,CLOUDY,DAYLIGHT,MIDTOW,,,,,,,
20220114145,3/11/2022,FALSE,FALSE,FALSE,FALSE,ANGLE,CLEAR,DAYLIGHT,EAST,,,,,,,
20220114152,3/11/2022,FALSE,FALSE,FALSE,FALSE,Front to Rear,CLOUDY,DAYLIGHT,EAST,,,,,,,
20220114162,3/11/2022,FALSE,FALSE,FALSE,FALSE,NOT COLLISION W/MOTOR VEHICLE-TRANSPORT,CLOUDY,DUSK,WEST,,,,,,,
20220114189,3/11/2022,FALSE,FALSE,FALSE,FALSE,ANGLE,CLEAR,DAYLIGHT,SOUTH,,,,,,,
20220114253,3/11/2022,FALSE,FALSE,FALSE,FALSE,Front to Rear,CLEAR,DARK - LIGHTED,NORTH,,,,,,,
20220114270,3/11/2022,TRUE,FALSE,FALSE,FALSE,NOT COLLISION W/MOTOR VEHICLE-TRANSPORT,SNOW,DARK - NOT LIGHTED,WEST,,,,,,,
20220114315,3/11/2022,FALSE,FALSE,FALSE,FALSE,Front to Rear,"SLEET, HAIL",DARK - NOT LIGHTED,NORTH,,,,,,,
20220114407,3/11/2022,FALSE,FALSE,FALSE,FALSE,Front to Rear,SNOW,DARK - LIGHTED,EAST,,,,,,,
20220114508,3/11/2022,FALSE,FALSE,FALSE,TRUE,SIDESWIPE - SAME DIRECTION,SNOW,DARK - NOT LIGHTED,HERMIT,,,,,,,
20220114522,3/11/2022,TRUE,FALSE,FALSE,TRUE,ANGLE,"SLEET, HAIL",DARK - LIGHTED,NORTH,,,,,,,
20220114553,3/11/2022,FALSE,FALSE,TRUE,FALSE,NOT COLLISION W/MOTOR VEHICLE-TRANSPORT,BLOWING SNOW,DARK - NOT LIGHTED,NORTH,,,,,,,
20220114635,3/11/2022,FALSE,FALSE,FALSE,FALSE,NOT COLLISION W/MOTOR VEHICLE-TRANSPORT,SNOW,DARK - LIGHTED,HERMIT,,,,,,,
20220114670,3/11/2022,FALSE,FALSE,FALSE,FALSE,NOT COLLISION W/MOTOR VEHICLE-TRANSPORT,SNOW,DARK - LIGHTED,HERMIT,,,,,,,
20220114685,3/11/2022,FALSE,FALSE,FALSE,TRUE,NOT COLLISION W/MOTOR VEHICLE-TRANSPORT,CLEAR,DARK - LIGHTED,HERMIT,,,,,,,
20220114687,3/11/2022,FALSE,FALSE,FALSE,FALSE,NOT COLLISION W/MOTOR VEHICLE-TRANSPORT,BLOWING SNOW,DARK - LIGHTED,SOUTH,,,,,,,
20220114692,3/11/2022,FALSE,FALSE,FALSE,FALSE,SIDESWIPE - SAME DIRECTION,BLOWING SNOW,DARK - NOT LIGHTED,NORTH,,,,,,,
20220114714,3/11/2022,FALSE,FALSE,FALSE,FALSE,HEAD-ON,SNOW,DAYLIGHT,SOUTH,,,,,,,
20220114743,3/11/2022,FALSE,FALSE,FALSE,FALSE,Front to Rear,SNOW,DARK - LIGHTED,WEST,,,,,,,
20220114787,3/12/2022,FALSE,FALSE,FALSE,FALSE,ANGLE,"SLEET, HAIL",DARK - LIGHTED,CENTRA,,,,,,,
20220114800,3/11/2022,FALSE,FALSE,TRUE,FALSE,NOT COLLISION W/MOTOR VEHICLE-TRANSPORT,"SLEET, HAIL",DARK - NOT LIGHTED,NORTH,,,,,,,
20220114808,3/12/2022,FALSE,FALSE,FALSE,FALSE,NOT COLLISION W/MOTOR VEHICLE-TRANSPORT,SNOW,DARK - NOT LIGHTED,HERMIT,,,,,,,
20220114881,3/12/2022,FALSE,FALSE,FALSE,FALSE,NOT COLLISION W/MOTOR VEHICLE-TRANSPORT,SNOW,DARK - NOT LIGHTED,EAST,,,,,,,
20220114892,3/12/2022,FALSE,FALSE,FALSE,FALSE,NOT COLLISION W/MOTOR VEHICLE-TRANSPORT,SNOW,Dark-Unknown Lighting,SOUTH,,,,,,,
20220114902,3/12/2022,FALSE,FALSE,FALSE,FALSE,SIDESWIPE - SAME DIRECTION,"SLEET, HAIL",DARK - LIGHTED,EAST,,,,,,,
20220114906,3/12/2022,TRUE,FALSE,TRUE,FALSE,NOT COLLISION W/MOTOR VEHICLE-TRANSPORT,SNOW,DARK - LIGHTED,SOUTH,,,,,,,
20220114911,3/12/2022,FALSE,FALSE,FALSE,FALSE,NOT COLLISION W/MOTOR VEHICLE-TRANSPORT,SNOW,DARK - LIGHTED,WEST,,,,,,,
20220114916,3/12/2022,TRUE,FALSE,FALSE,FALSE,NOT COLLISION W/MOTOR VEHICLE-TRANSPORT,"SLEET, HAIL",Dark-Unknown Lighting,HERMIT,,,,,,,
20220114933,3/12/2022,FALSE,FALSE,FALSE,FALSE,Front to Rear,CLOUDY,DARK - LIGHTED,SOUTH,,,,,,,
20220114941,3/12/2022,FALSE,FALSE,FALSE,TRUE,ANGLE,CLEAR,DARK - LIGHTED,SOUTH,,,,,,,
20220114944,3/12/2022,FALSE,FALSE,FALSE,FALSE,ANGLE,CLOUDY,DARK - LIGHTED,CENTRA,,,,,,,
20220114945,3/12/2022,FALSE,FALSE,FALSE,TRUE,SIDESWIPE - SAME DIRECTION,SNOW,DARK - NOT LIGHTED,SOUTH,,,,,,,
20220114946,3/12/2022,FALSE,FALSE,FALSE,FALSE,NOT COLLISION W/MOTOR VEHICLE-TRANSPORT,"SLEET, HAIL",DARK - NOT LIGHTED,WEST,,,,,,,
20220114967,3/12/2022,FALSE,FALSE,FALSE,FALSE,NOT COLLISION W/MOTOR VEHICLE-TRANSPORT,SNOW,DARK - NOT LIGHTED,HERMIT,,,,,,,
20220114973,3/12/2022,FALSE,FALSE,FALSE,FALSE,ANGLE,SNOW,DARK - LIGHTED,CENTRA,,,,,,,
20220114976,3/12/2022,TRUE,FALSE,FALSE,FALSE,OTHER,SNOW,DARK - LIGHTED,HERMIT,,,,,,,
20220114982,3/12/2022,FALSE,FALSE,FALSE,FALSE,NOT COLLISION W/MOTOR VEHICLE-TRANSPORT,SNOW,DARK - LIGHTED,SOUTH,,,,,,,
20220114983,3/12/2022,FALSE,FALSE,FALSE,FALSE,NOT COLLISION W/MOTOR VEHICLE-TRANSPORT,CLOUDY,DARK - NOT LIGHTED,NORTH,,,,,,,
20220115006,3/12/2022,TRUE,FALSE,FALSE,FALSE,NOT COLLISION W/MOTOR VEHICLE-TRANSPORT,CLEAR,DARK - NOT LIGHTED,SOUTH,,,,,,,
20220115009,3/12/2022,FALSE,FALSE,FALSE,FALSE,NOT COLLISION W/MOTOR VEHICLE-TRANSPORT,SNOW,DARK - LIGHTED,SOUTH,,,,,,,
20220115028,3/12/2022,FALSE,FALSE,FALSE,FALSE,SIDESWIPE - SAME DIRECTION,SNOW,DARK - LIGHTED,HERMIT,,,,,,,
20220115074,3/12/2022,FALSE,FALSE,FALSE,FALSE,NOT COLLISION W/MOTOR VEHICLE-TRANSPORT,CLOUDY,DAYLIGHT,SOUTH,,,,,,,
20220115084,3/12/2022,FALSE,FALSE,FALSE,TRUE,SIDESWIPE - SAME DIRECTION,CLEAR,DAWN,SOUTH,,,,,,,
20220115085,3/12/2022,FALSE,FALSE,FALSE,TRUE,Front to Rear,SNOW,DAYLIGHT,EAST,,,,,,,
20220115087,3/12/2022,TRUE,FALSE,TRUE,FALSE,NOT COLLISION W/MOTOR VEHICLE-TRANSPORT,SNOW,DAYLIGHT,MADISO,,,,,,,
20220115100,3/12/2022,FALSE,FALSE,FALSE,TRUE,Front to Rear,CLEAR,DARK - LIGHTED,NORTH,,,,,,,
20220115129,3/12/2022,FALSE,FALSE,FALSE,FALSE,NOT COLLISION W/MOTOR VEHICLE-TRANSPORT,CLEAR,DAYLIGHT,SOUTH,,,,,,,
20220115135,3/12/2022,FALSE,FALSE,TRUE,TRUE,NOT COLLISION W/MOTOR VEHICLE-TRANSPORT,CLEAR,DARK - NOT LIGHTED,SOUTH,,,,,,,
20220115189,3/12/2022,FALSE,FALSE,FALSE,FALSE,OTHER,CLEAR,DAYLIGHT,SOUTH,,,,,,,
20220115202,3/12/2022,TRUE,FALSE,FALSE,FALSE,Front to Rear,SNOW,DAYLIGHT,SOUTH,,,,,,,
20220115205,3/12/2022,FALSE,FALSE,FALSE,FALSE,NOT COLLISION W/MOTOR VEHICLE-TRANSPORT,CLEAR,DAYLIGHT,HERMIT,,,,,,,
20220115206,3/12/2022,FALSE,FALSE,FALSE,FALSE,NOT COLLISION W/MOTOR VEHICLE-TRANSPORT,CLEAR,DAYLIGHT,HERMIT,,,,,,,
20220115215,3/12/2022,FALSE,FALSE,FALSE,FALSE,NOT COLLISION W/MOTOR VEHICLE-TRANSPORT,CLEAR,DAYLIGHT,SOUTH,,,,,,,
20220115221,3/12/2022,FALSE,FALSE,FALSE,FALSE,NOT COLLISION W/MOTOR VEHICLE-TRANSPORT,CLEAR,DAYLIGHT,SOUTH,,,,,,,
20220115229,3/12/2022,FALSE,FALSE,FALSE,FALSE,Front to Rear,SNOW,DAYLIGHT,WEST,,,,,,,
20220115262,3/12/2022,FALSE,FALSE,FALSE,TRUE,SIDESWIPE - OPPOSITE DIRECTION,SNOW,DAYLIGHT,HERMIT,,,,,,,
20220115281,3/12/2022,TRUE,FALSE,FALSE,FALSE,ANGLE,CLEAR,DAYLIGHT,SOUTH,,,,,,,
20220115290,3/12/2022,TRUE,FALSE,FALSE,FALSE,NOT COLLISION W/MOTOR VEHICLE-TRANSPORT,SNOW,DAYLIGHT,SOUTH,,,,,,,
20220115326,3/12/2022,FALSE,FALSE,FALSE,FALSE,Front to Rear,CLEAR,DAYLIGHT,WEST,,,,,,,
20220115345,3/12/2022,TRUE,FALSE,FALSE,FALSE,ANGLE,CLEAR,DAYLIGHT,MIDTOW,,,,,,,
20220115348,3/12/2022,TRUE,FALSE,FALSE,FALSE,Front to Rear,SNOW,DAYLIGHT,SOUTH,,,,,,,
20220115350,3/12/2022,FALSE,FALSE,FALSE,FALSE,Front to Rear,OTHER (NARRATIVE),DAYLIGHT,SOUTH,,,,,,,
20220115353,3/12/2022,FALSE,FALSE,FALSE,TRUE,SIDESWIPE - SAME DIRECTION,CLEAR,DAYLIGHT,SOUTH,,,,,,,
20220115371,3/12/2022,FALSE,FALSE,FALSE,FALSE,ANGLE,CLEAR,DAYLIGHT,SOUTH,,,,,,,
20220115406,3/12/2022,FALSE,FALSE,FALSE,FALSE,NOT COLLISION W/MOTOR VEHICLE-TRANSPORT,CLEAR,DAYLIGHT,WEST,,,,,,,
20220115418,3/12/2022,FALSE,FALSE,FALSE,FALSE,ANGLE,CLEAR,DAYLIGHT,HERMIT,,,,,,,
20220115424,3/12/2022,TRUE,FALSE,FALSE,FALSE,NOT COLLISION W/MOTOR VEHICLE-TRANSPORT,CLEAR,DAYLIGHT,MIDTOW,,,,,,,
20220115426,3/12/2022,FALSE,FALSE,FALSE,FALSE,ANGLE,CLEAR,DAYLIGHT,MIDTOW,,,,,,,
20220115470,3/12/2022,FALSE,FALSE,FALSE,FALSE,Front to Rear,CLEAR,DAYLIGHT,NORTH,,,,,,,
20220115471,3/12/2022,FALSE,FALSE,FALSE,FALSE,Front to Rear,CLEAR,DAYLIGHT,NORTH,,,,,,,
20220115493,3/12/2022,FALSE,FALSE,TRUE,FALSE,SIDESWIPE - SAME DIRECTION,CLEAR,DAYLIGHT,SOUTH,,,,,,,
20220115505,3/12/2022,TRUE,FALSE,FALSE,FALSE,SIDESWIPE - SAME DIRECTION,CLEAR,DAYLIGHT,HERMIT,,,,,,,
20220115508,3/12/2022,TRUE,FALSE,FALSE,FALSE,NOT COLLISION W/MOTOR VEHICLE-TRANSPORT,CLEAR,DAYLIGHT,HERMIT,,,,,,,
20220115548,3/12/2022,TRUE,FALSE,FALSE,FALSE,ANGLE,CLEAR,DAYLIGHT,HERMIT,,,,,,,
20220115614,3/12/2022,FALSE,FALSE,TRUE,FALSE,NOT COLLISION W/MOTOR VEHICLE-TRANSPORT,CLEAR,DAYLIGHT,MADISO,,,,,,,
20220115618,3/12/2022,FALSE,FALSE,FALSE,FALSE,HEAD-ON,CLEAR,DAYLIGHT,MADISO,,,,,,,
20220115676,3/12/2022,TRUE,FALSE,FALSE,TRUE,SIDESWIPE - SAME DIRECTION,CLEAR,DAYLIGHT,SOUTH,,,,,,,
20220115695,3/12/2022,TRUE,FALSE,TRUE,FALSE,NOT COLLISION W/MOTOR VEHICLE-TRANSPORT,CLEAR,DAYLIGHT,WEST,,,,,,,
20220115705,3/12/2022,TRUE,FALSE,FALSE,FALSE,SIDESWIPE - SAME DIRECTION,CLOUDY,DUSK,CENTRA,,,,,,,
20220115740,3/12/2022,FALSE,FALSE,FALSE,TRUE,Front to Rear,CLOUDY,DARK - LIGHTED,WEST,,,,,,,
20220115753,3/12/2022,FALSE,FALSE,FALSE,FALSE,SIDESWIPE - SAME DIRECTION,CLEAR,DAYLIGHT,SOUTH,,,,,,,
20220115762,3/12/2022,FALSE,FALSE,FALSE,FALSE,SIDESWIPE - SAME DIRECTION,CLEAR,DARK - LIGHTED,CENTRA,,,,,,,
20220115772,3/12/2022,TRUE,FALSE,TRUE,FALSE,ANGLE,CLEAR,DARK - NOT LIGHTED,NORTH,,,,,,,
20220115773,3/12/2022,TRUE,FALSE,FALSE,TRUE,Front to Rear,CLEAR,DARK - NOT LIGHTED,SOUTH,,,,,,,
20220115804,3/12/2022,FALSE,FALSE,FALSE,FALSE,NOT COLLISION W/MOTOR VEHICLE-TRANSPORT,CLEAR,DARK - LIGHTED,NORTH,,,,,,,
20220115807,3/12/2022,TRUE,FALSE,FALSE,FALSE,Front to Rear,CLEAR,DARK - LIGHTED,HERMIT,,,,,,,
20220115821,3/12/2022,TRUE,FALSE,FALSE,FALSE,Front to Rear,CLEAR,DARK - LIGHTED,EAST,,,,,,,
20220115850,3/12/2022,FALSE,FALSE,FALSE,FALSE,ANGLE,CLEAR,DARK - LIGHTED,CENTRA,,,,,,,
20220115866,3/12/2022,FALSE,FALSE,FALSE,TRUE,Front to Rear,CLEAR,DARK - NOT LIGHTED,HERMIT,,,,,,,
20220115884,3/12/2022,FALSE,FALSE,FALSE,TRUE,ANGLE,CLEAR,DARK - LIGHTED,SOUTH,,,,,,,
20220115917,3/12/2022,FALSE,FALSE,FALSE,FALSE,ANGLE,CLEAR,DARK - LIGHTED,SOUTH,,,,,,,
20220116132,3/13/2022,FALSE,FALSE,FALSE,FALSE,Front to Rear,CLEAR,DARK - LIGHTED,SOUTH,,,,,,,
20220116160,3/12/2022,TRUE,FALSE,FALSE,FALSE,NOT COLLISION W/MOTOR VEHICLE-TRANSPORT,CLEAR,DARK - LIGHTED,SOUTH,,,,,,,
20220116395,3/13/2022,TRUE,FALSE,FALSE,FALSE,NOT COLLISION W/MOTOR VEHICLE-TRANSPORT,CLEAR,DARK - LIGHTED,HERMIT,,,,,,,
20220116424,3/13/2022,TRUE,FALSE,FALSE,FALSE,SIDESWIPE - SAME DIRECTION,CLEAR,DARK - LIGHTED,SOUTH,,,,,,,
20220116443,3/13/2022,FALSE,FALSE,FALSE,FALSE,NOT COLLISION W/MOTOR VEHICLE-TRANSPORT,SNOW,DARK - LIGHTED,NORTH,,,,,,,
20220116456,3/13/2022,FALSE,FALSE,FALSE,FALSE,NOT COLLISION W/MOTOR VEHICLE-TRANSPORT,CLEAR,DARK - LIGHTED,SOUTH,,,,,,,
20220116500,3/13/2022,TRUE,FALSE,FALSE,FALSE,Front to Rear,CLEAR,DARK - NOT LIGHTED,SOUTH,,,,,,,
20220116602,3/13/2022,TRUE,FALSE,FALSE,FALSE,HEAD-ON,CLOUDY,DAYLIGHT,EAST,,,,,,,
20220116710,3/13/2022,FALSE,FALSE,FALSE,TRUE,ANGLE,CLEAR,DARK - LIGHTED,MADISO,,,,,,,
20220116722,3/13/2022,FALSE,FALSE,FALSE,TRUE,HEAD-ON,CLEAR,DAYLIGHT,SOUTH,,,,,,,
20220116750,3/13/2022,TRUE,FALSE,TRUE,FALSE,NOT COLLISION W/MOTOR VEHICLE-TRANSPORT,CLEAR,DAYLIGHT,NORTH,,,,,,,
20220116766,3/13/2022,TRUE,FALSE,FALSE,FALSE,Front to Rear,CLEAR,DAYLIGHT,NORTH,,,,,,,
20220116776,3/13/2022,TRUE,FALSE,TRUE,FALSE,NOT COLLISION W/MOTOR VEHICLE-TRANSPORT,CLEAR,DAYLIGHT,SOUTH,,,,,,,
20220116823,3/13/2022,FALSE,FALSE,FALSE,FALSE,ANGLE,CLEAR,DAYLIGHT,SOUTH,,,,,,,
20220116827,3/13/2022,FALSE,FALSE,TRUE,TRUE,NOT COLLISION W/MOTOR VEHICLE-TRANSPORT,CLEAR,DAYLIGHT,WEST,,,,,,,
20220116835,3/13/2022,TRUE,FALSE,FALSE,TRUE,NOT COLLISION W/MOTOR VEHICLE-TRANSPORT,CLEAR,DAYLIGHT,WEST,,,,,,,
20220116933,3/13/2022,FALSE,FALSE,FALSE,FALSE,Front to Rear,CLEAR,DAYLIGHT,SOUTH,,,,,,,
20220116984,3/13/2022,TRUE,FALSE,FALSE,FALSE,ANGLE,CLEAR,DAYLIGHT,WEST,,,,,,,
20220117238,3/13/2022,TRUE,FALSE,FALSE,FALSE,NOT COLLISION W/MOTOR VEHICLE-TRANSPORT,CLEAR,DAYLIGHT,WEST,,,,,,,
20220117257,3/13/2022,FALSE,FALSE,FALSE,TRUE,SIDESWIPE - SAME DIRECTION,CLEAR,DARK - NOT LIGHTED,EAST,,,,,,,
20220117308,3/13/2022,FALSE,FALSE,FALSE,TRUE,Front to Rear,CLEAR,DARK - LIGHTED,HERMIT,,,,,,,
20220117372,3/13/2022,TRUE,FALSE,FALSE,FALSE,NOT COLLISION W/MOTOR VEHICLE-TRANSPORT,CLEAR,DARK - NOT LIGHTED,NORTH,,,,,,,
20220117414,3/13/2022,FALSE,FALSE,FALSE,FALSE,ANGLE,CLEAR,DARK - LIGHTED,SOUTH,,,,,,,
20220117428,3/13/2022,FALSE,FALSE,FALSE,FALSE,SIDESWIPE - SAME DIRECTION,CLEAR,DARK - LIGHTED,WEST,,,,,,,
20220117564,3/13/2022,TRUE,FALSE,FALSE,FALSE,Front to Rear,CLEAR,DARK - NOT LIGHTED,NORTH,,,,,,,
20220117645,3/13/2022,FALSE,FALSE,FALSE,TRUE,Front to Rear,CLEAR,DARK - LIGHTED,EAST,,,,,,,
20220117693,3/14/2022,FALSE,FALSE,TRUE,TRUE,NOT COLLISION W/MOTOR VEHICLE-TRANSPORT,CLEAR,DAYLIGHT,SOUTH,,,,,,,
20220117846,3/14/2022,TRUE,FALSE,FALSE,FALSE,NOT COLLISION W/MOTOR VEHICLE-TRANSPORT,CLEAR,DARK - LIGHTED,HERMIT,,,,,,,
20220117876,3/14/2022,TRUE,FALSE,FALSE,FALSE,Front to Rear,CLEAR,DARK - LIGHTED,MADISO,,,,,,,
20220117897,3/14/2022,FALSE,FALSE,FALSE,TRUE,OTHER,CLEAR,DARK - LIGHTED,MADISO,,,,,,,
20220117970,3/14/2022,TRUE,FALSE,FALSE,FALSE,ANGLE,CLEAR,DARK - LIGHTED,SOUTH,,,,,,,