AccidentNumber,AccidentDate,Injury,Fatality,PropertyDamage,HitAndRun,CollisionType,Weather,Illumination,Precinct,,,,,,,
20220157478,4/3/2022,FALSE,FALSE,FALSE,FALSE,ANGLE,CLEAR,DAYLIGHT,HERMIT,,,,,,,
20220157479,4/3/2022,TRUE,FALSE,FALSE,FALSE,ANGLE,CLEAR,DAYLIGHT,WEST,,,,,,,
20220157549,4/3/2022,TRUE,FALSE,FALSE,FALSE,ANGLE,CLEAR,DAYLIGHT,WEST,,,,,,,
20220157578,4/3/2022,FALSE,FALSE,FALSE,FALSE,ANGLE,CLEAR,DAYLIGHT,EAST,,,,,,,
20220157582,4/3/2022,FALSE,FALSE,FALSE,FALSE,Front to Rear,CLEAR,DAYLIGHT,MIDTOW,,,,,,,
20220157584,4/3/2022,TRUE,FALSE,TRUE,FALSE,NOT COLLISION W/MOTOR VEHICLE-TRANSPORT,CLEAR,DAYLIGHT,HERMIT,,,,,,,
20220157603,4/3/2022,FALSE,FALSE,FALSE,FALSE,ANGLE,CLEAR,DAYLIGHT,EAST,,,,,,,
20220157628,4/3/2022,TRUE,FALSE,FALSE,FALSE,ANGLE,CLEAR,DAYLIGHT,MIDTOW,,,,,,,
20220157663,4/3/2022,FALSE,FALSE,FALSE,FALSE,ANGLE,CLEAR,DAYLIGHT,MADISO,,,,,,,
20220157684,4/3/2022,FALSE,FALSE,FALSE,FALSE,Front to Rear,CLEAR,DAYLIGHT,HERMIT,,,,,,,
20220157725,4/3/2022,FALSE,FALSE,FALSE,TRUE,ANGLE,CLEAR,DAYLIGHT,NORTH,,,,,,,
20220157770,4/3/2022,FALSE,FALSE,FALSE,TRUE,Front to Rear,CLEAR,DAYLIGHT,SOUTH,,,,,,,
20220157789,4/3/2022,FALSE,FALSE,FALSE,TRUE,Front to Rear,CLEAR,DAYLIGHT,NORTH,,,,,,,
20220157855,4/3/2022,FALSE,FALSE,TRUE,FALSE,NOT COLLISION W/MOTOR VEHICLE-TRANSPORT,CLEAR,DAYLIGHT,SOUTH,,,,,,,
20220157940,4/3/2022,TRUE,FALSE,FALSE,FALSE,ANGLE,CLEAR,DARK - LIGHTED,HERMIT,,,,,,,
20220157989,4/3/2022,TRUE,FALSE,TRUE,FALSE,NOT COLLISION W/MOTOR VEHICLE-TRANSPORT,CLEAR,DAYLIGHT,HERMIT,,,,,,,
20220158003,4/3/2022,FALSE,FALSE,TRUE,FALSE,ANGLE,CLEAR,DARK - LIGHTED,EAST,,,,,,,
20220158095,4/3/2022,FALSE,FALSE,FALSE,FALSE,SIDESWIPE - SAME DIRECTION,CLEAR,DARK - NOT LIGHTED,NORTH,,,,,,,
20220158169,4/3/2022,FALSE,FALSE,FALSE,FALSE,Front to Rear,CLEAR,DARK - LIGHTED,NORTH,,,,,,,
20220158442,4/4/2022,TRUE,FALSE,FALSE,FALSE,ANGLE,CLEAR,DARK - NOT LIGHTED,NORTH,,,,,,,
20220158563,4/4/2022,FALSE,FALSE,FALSE,FALSE,NOT COLLISION W/MOTOR VEHICLE-TRANSPORT,CLEAR,DARK - LIGHTED,NORTH,,,,,,,
20220158628,4/4/2022,TRUE,FALSE,FALSE,FALSE,Front to Rear,CLEAR,DAWN,MADISO,,,,,,,
20220158668,4/4/2022,FALSE,FALSE,FALSE,FALSE,Front to Rear,CLOUDY,DAYLIGHT,HERMIT,,,,,,,
20220158675,4/4/2022,FALSE,FALSE,FALSE,FALSE,Front to Rear,CLOUDY,DAYLIGHT,WEST,,,,,,,
20220158711,4/4/2022,FALSE,FALSE,TRUE,FALSE,NOT COLLISION W/MOTOR VEHICLE-TRANSPORT,CLOUDY,DAYLIGHT,SOUTH,,,,,,,
20220158725,4/4/2022,TRUE,FALSE,TRUE,FALSE,OTHER,CLEAR,DAYLIGHT,EAST,,,,,,,
20220158789,4/4/2022,FALSE,FALSE,FALSE,FALSE,HEAD-ON,CLEAR,DAYLIGHT,HERMIT,,,,,,,
20220158797,4/4/2022,FALSE,FALSE,FALSE,FALSE,NOT COLLISION W/MOTOR VEHICLE-TRANSPORT,CLEAR,DAYLIGHT,NORTH,,,,,,,
20220158810,4/4/2022,TRUE,FALSE,FALSE,FALSE,Front to Rear,CLOUDY,DAYLIGHT,HERMIT,,,,,,,
20220158989,4/4/2022,TRUE,FALSE,FALSE,FALSE,SIDESWIPE - SAME DIRECTION,CLEAR,DAYLIGHT,WEST,,,,,,,
20220159029,4/4/2022,FALSE,FALSE,FALSE,FALSE,ANGLE,CLEAR,DAYLIGHT,SOUTH,,,,,,,
20220159179,4/4/2022,TRUE,FALSE,FALSE,FALSE,Front to Rear,CLEAR,DAYLIGHT,SOUTH,,,,,,,
20220159330,4/4/2022,TRUE,FALSE,FALSE,FALSE,Front to Rear,CLOUDY,DAYLIGHT,HERMIT,,,,,,,
20220159347,4/4/2022,TRUE,FALSE,FALSE,FALSE,ANGLE,CLEAR,DAYLIGHT,SOUTH,,,,,,,
20220159377,4/4/2022,FALSE,FALSE,FALSE,FALSE,Front to Rear,CLOUDY,DAYLIGHT,HERMIT,,,,,,,
20220159450,4/4/2022,FALSE,FALSE,FALSE,FALSE,Front to Rear,CLEAR,DAYLIGHT,HERMIT,,,,,,,
20220159455,4/4/2022,FALSE,FALSE,FALSE,FALSE,Front to Rear,CLOUDY,DAYLIGHT,HERMIT,,,,,,,
20220159484,4/4/2022,TRUE,FALSE,FALSE,TRUE,Front to Rear,CLEAR,DAYLIGHT,SOUTH,,,,,,,
20220159516,4/4/2022,FALSE,FALSE,FALSE,FALSE,SIDESWIPE - SAME DIRECTION,CLOUDY,DAYLIGHT,EAST,,,,,,,
20220159520,4/4/2022,FALSE,FALSE,FALSE,FALSE,ANGLE,CLEAR,DAYLIGHT,CENTRA,,,,,,,
20220159535,4/4/2022,FALSE,FALSE,FALSE,FALSE,ANGLE,CLEAR,DAYLIGHT,EAST,,,,,,,
20220159595,4/4/2022,FALSE,FALSE,FALSE,TRUE,SIDESWIPE - SAME DIRECTION,CLOUDY,DAYLIGHT,CENTRA,,,,,,,
20220159662,4/4/2022,TRUE,FALSE,FALSE,FALSE,SIDESWIPE - SAME DIRECTION,CLOUDY,DAYLIGHT,SOUTH,,,,,,,
20220159671,4/4/2022,FALSE,FALSE,FALSE,FALSE,Front to Rear,CLOUDY,DAYLIGHT,SOUTH,,,,,,,
20220159673,4/4/2022,FALSE,FALSE,FALSE,FALSE,SIDESWIPE - SAME DIRECTION,CLOUDY,DAYLIGHT,CENTRA,,,,,,,
20220159678,4/4/2022,TRUE,FALSE,FALSE,FALSE,ANGLE,CLEAR,DAYLIGHT,CENTRA,,,,,,,
20220159702,4/4/2022,FALSE,FALSE,FALSE,FALSE,ANGLE,CLEAR,DARK - LIGHTED,MIDTOW,,,,,,,
20220159728,4/4/2022,FALSE,FALSE,FALSE,TRUE,SIDESWIPE - SAME DIRECTION,CLEAR,DAYLIGHT,MADISO,,,,,,,
20220159814,4/4/2022,TRUE,FALSE,FALSE,TRUE,Front to Rear,CLOUDY,DARK - LIGHTED,SOUTH,,,,,,,
20220159843,4/4/2022,FALSE,FALSE,FALSE,FALSE,SIDESWIPE - SAME DIRECTION,CLEAR,DARK - LIGHTED,CENTRA,,,,,,,
20220159857,4/4/2022,FALSE,FALSE,FALSE,FALSE,ANGLE,CLEAR,DARK - NOT LIGHTED,EAST,,,,,,,
20220159982,4/4/2022,TRUE,FALSE,FALSE,FALSE,Front to Rear,CLEAR,DARK - LIGHTED,EAST,,,,,,,
20220160036,4/3/2022,FALSE,FALSE,FALSE,TRUE,ANGLE,CLEAR,DARK - LIGHTED,SOUTH,,,,,,,
20220160037,4/4/2022,TRUE,FALSE,FALSE,FALSE,Front to Rear,CLEAR,DARK - LIGHTED,EAST,,,,,,,
20220160038,4/4/2022,FALSE,FALSE,FALSE,TRUE,ANGLE,CLEAR,DARK - LIGHTED,HERMIT,,,,,,,
20220160131,4/4/2022,FALSE,FALSE,FALSE,TRUE,SIDESWIPE - SAME DIRECTION,CLEAR,DARK - LIGHTED,CENTRA,,,,,,,
20220160224,4/2/2022,FALSE,FALSE,FALSE,TRUE,Front to Rear,CLEAR,DAYLIGHT,SOUTH,,,,,,,
20220160257,4/4/2022,FALSE,FALSE,TRUE,FALSE,NOT COLLISION W/MOTOR VEHICLE-TRANSPORT,CLEAR,DARK - LIGHTED,WEST,,,,,,,
20220160302,4/4/2022,TRUE,FALSE,FALSE,FALSE,NOT COLLISION W/MOTOR VEHICLE-TRANSPORT,CLEAR,Dark-Unknown Lighting,NORTH,,,,,,,
20220160397,4/5/2022,TRUE,FALSE,FALSE,FALSE,NOT COLLISION W/MOTOR VEHICLE-TRANSPORT,CLEAR,DARK - NOT LIGHTED,HERMIT,,,,,,,
20220160448,4/5/2022,TRUE,FALSE,FALSE,FALSE,Front to Rear,CLEAR,DARK - LIGHTED,HERMIT,,,,,,,
20220160526,4/5/2022,FALSE,FALSE,FALSE,FALSE,NOT COLLISION W/MOTOR VEHICLE-TRANSPORT,CLEAR,DARK - LIGHTED,SOUTH,,,,,,,
20220160562,4/5/2022,TRUE,FALSE,TRUE,FALSE,NOT COLLISION W/MOTOR VEHICLE-TRANSPORT,CLEAR,DARK - LIGHTED,SOUTH,,,,,,,
20220160845,4/5/2022,FALSE,FALSE,FALSE,FALSE,SIDESWIPE - SAME DIRECTION,RAIN,DAYLIGHT,MIDTOW,,,,,,,
20220160855,4/5/2022,FALSE,FALSE,FALSE,FALSE,ANGLE,RAIN,DAYLIGHT,WEST,,,,,,,
20220160864,4/5/2022,FALSE,FALSE,FALSE,FALSE,ANGLE,RAIN,DAYLIGHT,MIDTOW,,,,,,,
20220160872,4/5/2022,TRUE,FALSE,FALSE,FALSE,ANGLE,CLOUDY,DAYLIGHT,MADISO,,,,,,,
20220160915,4/5/2022,TRUE,FALSE,FALSE,TRUE,Front to Rear,RAIN,DAYLIGHT,CENTRA,,,,,,,
20220160940,4/5/2022,FALSE,FALSE,FALSE,FALSE,ANGLE,RAIN,DAYLIGHT,MIDTOW,,,,,,,
20220160966,4/5/2022,FALSE,FALSE,FALSE,FALSE,Front to Rear,RAIN,DAYLIGHT,WEST,,,,,,,
20220160992,4/5/2022,TRUE,FALSE,TRUE,FALSE,ANGLE,CLOUDY,DAYLIGHT,SOUTH,,,,,,,
20220160993,4/5/2022,FALSE,FALSE,FALSE,FALSE,SIDESWIPE - SAME DIRECTION,RAIN,DAYLIGHT,HERMIT,,,,,,,
20220161008,4/5/2022,FALSE,FALSE,FALSE,FALSE,Front to Rear,RAIN,DAYLIGHT,CENTRA,,,,,,,
20220161023,4/5/2022,FALSE,FALSE,FALSE,TRUE,ANGLE,RAIN,DAYLIGHT,MIDTOW,,,,,,,
20220161145,4/5/2022,FALSE,FALSE,TRUE,FALSE,NOT COLLISION W/MOTOR VEHICLE-TRANSPORT,RAIN,DAYLIGHT,MIDTOW,,,,,,,
20220161162,4/5/2022,FALSE,FALSE,FALSE,FALSE,NOT COLLISION W/MOTOR VEHICLE-TRANSPORT,RAIN,DAYLIGHT,WEST,,,,,,,
20220161202,4/5/2022,TRUE,FALSE,FALSE,FALSE,ANGLE,CLOUDY,DAYLIGHT,MIDTOW,,,,,,,
20220161331,4/5/2022,FALSE,FALSE,FALSE,TRUE,SIDESWIPE - SAME DIRECTION,RAIN,DAYLIGHT,SOUTH,,,,,,,
20220161350,4/5/2022,FALSE,FALSE,TRUE,FALSE,NOT COLLISION W/MOTOR VEHICLE-TRANSPORT,RAIN,DAYLIGHT,HERMIT,,,,,,,
20220161372,4/5/2022,FALSE,FALSE,FALSE,FALSE,Front to Rear,RAIN,DAYLIGHT,HERMIT,,,,,,,
20220161418,4/5/2022,FALSE,FALSE,FALSE,FALSE,NOT COLLISION W/MOTOR VEHICLE-TRANSPORT,RAIN,DAYLIGHT,MIDTOW,,,,,,,
20220161429,4/5/2022,TRUE,FALSE,FALSE,FALSE,Front to Rear,RAIN,DAYLIGHT,NORTH,,,,,,,
20220161436,4/5/2022,FALSE,FALSE,FALSE,FALSE,Front to Rear,RAIN,DAYLIGHT,CENTRA,,,,,,,
20220161440,4/5/2022,FALSE,FALSE,FALSE,FALSE,SIDESWIPE - SAME DIRECTION,CLOUDY,DAYLIGHT,SOUTH,,,,,,,
20220161456,4/5/2022,TRUE,FALSE,FALSE,FALSE,Front to Rear,RAIN,DAYLIGHT,HERMIT,,,,,,,
20220161492,4/5/2022,TRUE,FALSE,FALSE,FALSE,ANGLE,RAIN,DAYLIGHT,MIDTOW,,,,,,,
20220161509,4/5/2022,FALSE,FALSE,FALSE,FALSE,SIDESWIPE - SAME DIRECTION,RAIN,DAYLIGHT,HERMIT,,,,,,,
20220161525,4/5/2022,TRUE,FALSE,TRUE,FALSE,NOT COLLISION W/MOTOR VEHICLE-TRANSPORT,RAIN,DAYLIGHT,MIDTOW,,,,,,,
20220161530,4/5/2022,TRUE,FALSE,FALSE,FALSE,Front to Rear,RAIN,DAYLIGHT,SOUTH,,,,,,,
20220161549,4/5/2022,FALSE,FALSE,FALSE,FALSE,Front to Rear,RAIN,DAYLIGHT,NORTH,,,,,,,
20220161561,4/5/2022,FALSE,FALSE,FALSE,FALSE,SIDESWIPE - SAME DIRECTION,RAIN,DAYLIGHT,MADISO,,,,,,,
20220161567,4/5/2022,FALSE,FALSE,TRUE,FALSE,NOT COLLISION W/MOTOR VEHICLE-TRANSPORT,RAIN,DAYLIGHT,HERMIT,,,,,,,
20220161586,4/5/2022,FALSE,FALSE,FALSE,FALSE,SIDESWIPE - SAME DIRECTION,RAIN,DAYLIGHT,NORTH,,,,,,,
20220161598,4/5/2022,FALSE,FALSE,FALSE,FALSE,Front to Rear,RAIN,DAYLIGHT,NORTH,,,,,,,
20220161599,4/5/2022,FALSE,FALSE,FALSE,FALSE,Front to Rear,CLOUDY,DAYLIGHT,SOUTH,,,,,,,
20220161620,4/5/2022,TRUE,FALSE,FALSE,FALSE,ANGLE,CLOUDY,DAYLIGHT,MIDTOW,,,,,,,
20220161624,4/5/2022,FALSE,FALSE,FALSE,FALSE,ANGLE,CLOUDY,DAYLIGHT,NORTH,,,,,,,
20220161647,4/5/2022,FALSE,FALSE,FALSE,FALSE,ANGLE,RAIN,DAYLIGHT,WEST,,,,,,,
20220161680,4/5/2022,FALSE,FALSE,FALSE,FALSE,ANGLE,CLOUDY,DAYLIGHT,NORTH,,,,,,,
20220161681,4/5/2022,TRUE,FALSE,FALSE,FALSE,ANGLE,CLOUDY,DAYLIGHT,NORTH,,,,,,,
20220161692,4/5/2022,TRUE,FALSE,FALSE,FALSE,Front to Rear,CLOUDY,DAYLIGHT,SOUTH,,,,,,,
20220161693,4/5/2022,FALSE,FALSE,FALSE,FALSE,Front to Rear,RAIN,DAYLIGHT,WEST,,,,,,,
20220161728,4/5/2022,FALSE,FALSE,TRUE,TRUE,NOT COLLISION W/MOTOR VEHICLE-TRANSPORT,CLOUDY,DAYLIGHT,SOUTH,,,,,,,
20220161747,4/5/2022,FALSE,FALSE,FALSE,FALSE,Front to Rear,RAIN,DAYLIGHT,EAST,,,,,,,
20220161767,4/5/2022,FALSE,FALSE,FALSE,FALSE,Front to Rear,CLOUDY,DAYLIGHT,HERMIT,,,,,,,
20220161775,4/5/2022,TRUE,FALSE,FALSE,FALSE,ANGLE,CLOUDY,DAYLIGHT,HERMIT,,,,,,,
20220161791,4/5/2022,TRUE,FALSE,FALSE,FALSE,Front to Rear,CLOUDY,DAYLIGHT,CENTRA,,,,,,,
20220161820,4/5/2022,TRUE,FALSE,FALSE,FALSE,ANGLE,CLOUDY,DAYLIGHT,WEST,,,,,,,
20220161846,4/5/2022,TRUE,FALSE,FALSE,FALSE,Front to Rear,CLOUDY,DAYLIGHT,SOUTH,,,,,,,
20220161907,4/5/2022,FALSE,FALSE,FALSE,FALSE,Front to Rear,CLOUDY,DAYLIGHT,CENTRA,,,,,,,
20220161966,4/5/2022,FALSE,FALSE,FALSE,FALSE,ANGLE,CLOUDY,DAYLIGHT,SOUTH,,,,,,,
20220162034,4/5/2022,FALSE,FALSE,FALSE,FALSE,NOT COLLISION W/MOTOR VEHICLE-TRANSPORT,RAIN,DARK - LIGHTED,CENTRA,,,,,,,
20220162073,4/5/2022,FALSE,FALSE,FALSE,TRUE,ANGLE,RAIN,DAYLIGHT,MADISO,,,,,,,
20220162082,4/5/2022,FALSE,FALSE,TRUE,FALSE,NOT COLLISION W/MOTOR VEHICLE-TRANSPORT,CLOUDY,DARK - NOT LIGHTED,MIDTOW,,,,,,,
20220162089,4/5/2022,TRUE,FALSE,FALSE,FALSE,ANGLE,CLOUDY,DARK - LIGHTED,SOUTH,,,,,,,
20220162138,4/5/2022,TRUE,FALSE,FALSE,FALSE,HEAD-ON,CLEAR,DARK - LIGHTED,NORTH,,,,,,,
20220162176,4/5/2022,TRUE,FALSE,FALSE,FALSE,Front to Rear,CLEAR,DARK - LIGHTED,SOUTH,,,,,,,
20220162384,4/5/2022,TRUE,FALSE,FALSE,FALSE,NOT COLLISION W/MOTOR VEHICLE-TRANSPORT,CLEAR,DARK - LIGHTED,NORTH,,,,,,,
20220162435,4/5/2022,FALSE,FALSE,TRUE,TRUE,NOT COLLISION W/MOTOR VEHICLE-TRANSPORT,FOG,DARK - LIGHTED,SOUTH,,,,,,,
20220162847,4/6/2022,TRUE,FALSE,FALSE,TRUE,Front to Rear,CLEAR,DAWN,HERMIT,,,,,,,
20220162944,4/6/2022,FALSE,FALSE,FALSE,TRUE,SIDESWIPE - SAME DIRECTION,RAIN,DAYLIGHT,SOUTH,,,,,,,
20220162988,4/6/2022,FALSE,FALSE,FALSE,FALSE,Front to Rear,CLEAR,DAYLIGHT,HERMIT,,,,,,,
20220163113,4/6/2022,FALSE,FALSE,TRUE,FALSE,NOT COLLISION W/MOTOR VEHICLE-TRANSPORT,RAIN,DAYLIGHT,WEST,,,,,,,
20220163133,4/6/2022,TRUE,FALSE,FALSE,FALSE,SIDESWIPE - SAME DIRECTION,CLOUDY,DAYLIGHT,HERMIT,,,,,,,
20220163144,4/6/2022,TRUE,FALSE,FALSE,FALSE,Front to Rear,RAIN,DAYLIGHT,MIDTOW,,,,,,,
20220163151,4/6/2022,TRUE,FALSE,FALSE,FALSE,ANGLE,CLOUDY,DAYLIGHT,SOUTH,,,,,,,
20220163163,4/6/2022,TRUE,FALSE,FALSE,FALSE,Front to Rear,CLOUDY,DAYLIGHT,SOUTH,,,,,,,
20220163203,4/6/2022,FALSE,FALSE,FALSE,FALSE,ANGLE,CLEAR,DAYLIGHT,EAST,,,,,,,
20220163222,4/6/2022,FALSE,FALSE,FALSE,FALSE,NOT COLLISION W/MOTOR VEHICLE-TRANSPORT,CLOUDY,DAYLIGHT,EAST,,,,,,,
20220163223,4/6/2022,FALSE,FALSE,FALSE,FALSE,SIDESWIPE - SAME DIRECTION,CLEAR,DAYLIGHT,CENTRA,,,,,,,
20220163228,4/6/2022,FALSE,FALSE,FALSE,FALSE,Front to Rear,CLOUDY,DAYLIGHT,SOUTH,,,,,,,
20220163245,4/6/2022,TRUE,FALSE,FALSE,FALSE,Front to Rear,CLOUDY,DAYLIGHT,HERMIT,,,,,,,
20220163288,4/6/2022,FALSE,FALSE,FALSE,FALSE,Front to Rear,CLOUDY,DAYLIGHT,MIDTOW,,,,,,,
20220163312,4/6/2022,FALSE,FALSE,FALSE,TRUE,SIDESWIPE - OPPOSITE DIRECTION,CLOUDY,DAYLIGHT,MIDTOW,,,,,,,
20220163327,4/6/2022,FALSE,FALSE,FALSE,FALSE,Front to Rear,CLOUDY,DAYLIGHT,WEST,,,,,,,
20220163363,4/6/2022,TRUE,FALSE,FALSE,FALSE,Front to Rear,CLOUDY,DAYLIGHT,SOUTH,,,,,,,
20220163392,4/6/2022,TRUE,FALSE,FALSE,FALSE,ANGLE,CLOUDY,DAYLIGHT,WEST,,,,,,,
20220163441,4/6/2022,TRUE,FALSE,FALSE,FALSE,ANGLE,RAIN,DAYLIGHT,HERMIT,,,,,,,
20220163517,4/6/2022,FALSE,FALSE,FALSE,FALSE,SIDESWIPE - SAME DIRECTION,CLOUDY,DAYLIGHT,EAST,,,,,,,
20220163557,4/6/2022,TRUE,FALSE,TRUE,FALSE,NOT COLLISION W/MOTOR VEHICLE-TRANSPORT,CLOUDY,DAYLIGHT,MIDTOW,,,,,,,
20220163581,4/6/2022,FALSE,FALSE,FALSE,FALSE,Front to Rear,CLOUDY,DAYLIGHT,HERMIT,,,,,,,
20220163594,4/6/2022,FALSE,FALSE,FALSE,FALSE,Front to Rear,RAIN,DAYLIGHT,SOUTH,,,,,,,
20220163644,4/6/2022,FALSE,FALSE,FALSE,FALSE,ANGLE,CLOUDY,DAYLIGHT,EAST,,,,,,,
20220163677,4/6/2022,FALSE,FALSE,FALSE,TRUE,SIDESWIPE - SAME DIRECTION,RAIN,DAYLIGHT,NORTH,,,,,,,
20220163692,4/6/2022,TRUE,FALSE,FALSE,FALSE,NOT COLLISION W/MOTOR VEHICLE-TRANSPORT,RAIN,DAYLIGHT,NORTH,,,,,,,
20220163796,4/6/2022,FALSE,FALSE,FALSE,FALSE,NOT COLLISION W/MOTOR VEHICLE-TRANSPORT,RAIN,DAYLIGHT,HERMIT,,,,,,,
20220163841,4/6/2022,FALSE,FALSE,FALSE,FALSE,NOT COLLISION W/MOTOR VEHICLE-TRANSPORT,CLOUDY,DAYLIGHT,HERMIT,,,,,,,
20220163848,4/6/2022,TRUE,FALSE,FALSE,FALSE,Front to Rear,CLOUDY,DAYLIGHT,SOUTH,,,,,,,
20220163871,4/6/2022,TRUE,FALSE,TRUE,FALSE,NOT COLLISION W/MOTOR VEHICLE-TRANSPORT,CLOUDY,DAYLIGHT,HERMIT,,,,,,,
20220163890,4/6/2022,TRUE,FALSE,FALSE,FALSE,ANGLE,CLOUDY,DAYLIGHT,HERMIT,,,,,,,
20220163921,4/6/2022,FALSE,FALSE,FALSE,FALSE,Front to Rear,CLOUDY,DAYLIGHT,WEST,,,,,,,
20220163978,4/6/2022,FALSE,FALSE,FALSE,FALSE,SIDESWIPE - SAME DIRECTION,CLOUDY,DAYLIGHT,CENTRA,,,,,,,
20220163991,4/6/2022,FALSE,FALSE,FALSE,FALSE,Front to Rear,CLOUDY,DAYLIGHT,HERMIT,,,,,,,
20220164001,4/6/2022,FALSE,FALSE,FALSE,TRUE,Front to Rear,CLOUDY,DAYLIGHT,SOUTH,,,,,,,
20220164007,4/6/2022,TRUE,FALSE,FALSE,FALSE,Front to Rear,CLOUDY,DAYLIGHT,HERMIT,,,,,,,
20220164009,4/6/2022,FALSE,FALSE,FALSE,TRUE,SIDESWIPE - OPPOSITE DIRECTION,CLOUDY,DAYLIGHT,CENTRA,,,,,,,
20220164017,4/6/2022,TRUE,FALSE,FALSE,FALSE,Front to Rear,CLOUDY,DAYLIGHT,HERMIT,,,,,,,
20220164039,4/6/2022,TRUE,FALSE,FALSE,FALSE,Front to Rear,CLOUDY,DAYLIGHT,SOUTH,,,,,,,
20220164048,4/6/2022,TRUE,FALSE,FALSE,FALSE,ANGLE,CLOUDY,DAYLIGHT,NORTH,,,,,,,
20220164060,4/6/2022,TRUE,FALSE,FALSE,FALSE,Front to Rear,CLOUDY,DAYLIGHT,SOUTH,,,,,,,
20220164096,4/6/2022,TRUE,FALSE,FALSE,TRUE,Front to Rear,CLOUDY,DAYLIGHT,SOUTH,,,,,,,
20220164104,4/6/2022,TRUE,FALSE,FALSE,FALSE,ANGLE,CLEAR,DARK - LIGHTED,HERMIT,,,,,,,
20220164158,4/6/2022,TRUE,FALSE,FALSE,FALSE,Front to Rear,RAIN,DARK - LIGHTED,SOUTH,,,,,,,
20220164245,4/6/2022,TRUE,FALSE,FALSE,TRUE,SIDESWIPE - SAME DIRECTION,CLOUDY,DARK - LIGHTED,NORTH,,,,,,,
20220164265,4/6/2022,TRUE,FALSE,FALSE,FALSE,Front to Rear,CLEAR,DARK - LIGHTED,CENTRA,,,,,,,
20220164380,4/6/2022,FALSE,FALSE,FALSE,TRUE,SIDESWIPE - SAME DIRECTION,CLEAR,DARK - LIGHTED,SOUTH,,,,,,,
20220164461,4/6/2022,FALSE,FALSE,FALSE,FALSE,SIDESWIPE - OPPOSITE DIRECTION,CLEAR,DARK - LIGHTED,NORTH,,,,,,,
20220164654,4/6/2022,TRUE,FALSE,FALSE,FALSE,NOT COLLISION W/MOTOR VEHICLE-TRANSPORT,CLOUDY,DARK - LIGHTED,SOUTH,,,,,,,
20220164767,4/7/2022,FALSE,FALSE,TRUE,FALSE,NOT COLLISION W/MOTOR VEHICLE-TRANSPORT,CLOUDY,DARK - NOT LIGHTED,MIDTOW,,,,,,,
20220164983,4/7/2022,FALSE,FALSE,FALSE,TRUE,SIDESWIPE - SAME DIRECTION,CLEAR,DARK - LIGHTED,SOUTH,,,,,,,
20220165066,4/7/2022,TRUE,FALSE,FALSE,FALSE,ANGLE,CLEAR,DAYLIGHT,MADISO,,,,,,,
20220165093,4/7/2022,FALSE,FALSE,FALSE,FALSE,Front to Rear,CLEAR,DAYLIGHT,EAST,,,,,,,
20220165144,4/7/2022,FALSE,FALSE,FALSE,TRUE,SIDESWIPE - OPPOSITE DIRECTION,CLEAR,DAYLIGHT,SOUTH,,,,,,,
20220165156,4/7/2022,TRUE,FALSE,FALSE,FALSE,Front to Rear,CLEAR,DAYLIGHT,HERMIT,,,,,,,
20220165208,4/7/2022,TRUE,FALSE,FALSE,FALSE,HEAD-ON,CLEAR,DAYLIGHT,EAST,,,,,,,
20220165290,4/7/2022,FALSE,FALSE,FALSE,TRUE,Front to Rear,CLEAR,DAYLIGHT,EAST,,,,,,,
20220165299,4/7/2022,FALSE,FALSE,FALSE,FALSE,Front to Rear,CLEAR,DAYLIGHT,CENTRA,,,,,,,
20220165328,4/7/2022,TRUE,FALSE,FALSE,FALSE,ANGLE,CLEAR,DAYLIGHT,HERMIT,,,,,,,
20220165335,4/7/2022,FALSE,FALSE,FALSE,FALSE,SIDESWIPE - SAME DIRECTION,CLEAR,DAYLIGHT,MIDTOW,,,,,,,
20220165390,4/7/2022,FALSE,FALSE,FALSE,FALSE,SIDESWIPE - SAME DIRECTION,CLEAR,DAYLIGHT,HERMIT,,,,,,,
20220165426,4/7/2022,TRUE,FALSE,FALSE,FALSE,ANGLE,CLEAR,DAYLIGHT,MADISO,,,,,,,
20220165455,4/7/2022,FALSE,FALSE,FALSE,FALSE,Front to Rear,CLEAR,DAYLIGHT,HERMIT,,,,,,,
20220165556,4/7/2022,FALSE,FALSE,FALSE,FALSE,Front to Rear,CLEAR,DAYLIGHT,MIDTOW,,,,,,,
20220165572,4/7/2022,FALSE,FALSE,FALSE,FALSE,ANGLE,CLEAR,DAYLIGHT,EAST,,,,,,,
20220165634,4/7/2022,TRUE,FALSE,TRUE,FALSE,NOT COLLISION W/MOTOR VEHICLE-TRANSPORT,CLEAR,DAYLIGHT,EAST,,,,,,,
20220165657,4/7/2022,TRUE,FALSE,FALSE,FALSE,ANGLE,CLEAR,DAYLIGHT,MADISO,,,,,,,
20220165658,4/7/2022,FALSE,FALSE,FALSE,FALSE,ANGLE,CLEAR,DAYLIGHT,MIDTOW,,,,,,,
20220165726,4/7/2022,TRUE,FALSE,FALSE,FALSE,NOT COLLISION W/MOTOR VEHICLE-TRANSPORT,CLEAR,DAYLIGHT,MIDTOW,,,,,,,
20220165772,4/7/2022,FALSE,FALSE,FALSE,FALSE,SIDESWIPE - SAME DIRECTION,CLEAR,DAYLIGHT,MIDTOW,,,,,,,