AccidentNumber,AccidentDate,Injury,Fatality,PropertyDamage,HitAndRun,CollisionType,Weather,Illumination,Precinct,,,,,,,
20220186870,4/18/2022,FALSE,FALSE,FALSE,FALSE,Front to Rear,CLEAR,DAYLIGHT,MIDTOW,,,,,,,
20220186887,4/18/2022,TRUE,FALSE,FALSE,FALSE,Front to Rear,CLOUDY,DAYLIGHT,WEST,,,,,,,
20220186892,4/18/2022,FALSE,FALSE,FALSE,FALSE,SIDESWIPE - SAME DIRECTION,CLEAR,DAYLIGHT,CENTRA,,,,,,,
20220186964,4/18/2022,TRUE,FALSE,FALSE,FALSE,NOT COLLISION W/MOTOR VEHICLE-TRANSPORT,CLEAR,DAYLIGHT,MIDTOW,,,,,,,
20220186991,4/18/2022,TRUE,FALSE,FALSE,FALSE,Front to Rear,CLEAR,DAYLIGHT,NORTH,,,,,,,
20220187063,4/18/2022,FALSE,FALSE,FALSE,FALSE,Front to Rear,CLEAR,DAYLIGHT,EAST,,,,,,,
20220187077,4/18/2022,TRUE,FALSE,FALSE,FALSE,HEAD-ON,CLEAR,DAYLIGHT,SOUTH,,,,,,,
20220187107,4/18/2022,FALSE,FALSE,FALSE,FALSE,Front to Rear,CLOUDY,DAYLIGHT,NORTH,,,,,,,
20220187151,4/18/2022,TRUE,FALSE,FALSE,FALSE,Front to Rear,CLEAR,DAYLIGHT,SOUTH,,,,,,,
20220187183,4/18/2022,FALSE,FALSE,FALSE,FALSE,SIDESWIPE - SAME DIRECTION,CLEAR,DAYLIGHT,NORTH,,,,,,,
20220187202,4/18/2022,TRUE,FALSE,FALSE,FALSE,HEAD-ON,CLEAR,DAYLIGHT,SOUTH,,,,,,,
20220187288,4/18/2022,FALSE,FALSE,FALSE,TRUE,Front to Rear,CLEAR,DAYLIGHT,HERMIT,,,,,,,
20220187321,4/18/2022,TRUE,FALSE,FALSE,FALSE,SIDESWIPE - SAME DIRECTION,CLEAR,DAYLIGHT,SOUTH,,,,,,,
20220187354,4/18/2022,TRUE,FALSE,FALSE,FALSE,Front to Rear,CLEAR,DAYLIGHT,MIDTOW,,,,,,,
20220187374,4/18/2022,FALSE,FALSE,FALSE,FALSE,ANGLE,CLOUDY,DAYLIGHT,EAST,,,,,,,
20220187416,4/18/2022,FALSE,FALSE,FALSE,TRUE,ANGLE,CLEAR,DAYLIGHT,MIDTOW,,,,,,,
20220187422,4/18/2022,TRUE,FALSE,FALSE,FALSE,Front to Rear,CLOUDY,DAYLIGHT,CENTRA,,,,,,,
20220187470,4/18/2022,FALSE,FALSE,FALSE,FALSE,Front to Rear,CLEAR,DAYLIGHT,MIDTOW,,,,,,,
20220187541,4/18/2022,TRUE,FALSE,FALSE,TRUE,Front to Rear,CLEAR,DARK - LIGHTED,SOUTH,,,,,,,
20220187628,4/18/2022,FALSE,FALSE,FALSE,FALSE,Front to Rear,CLEAR,DARK - LIGHTED,NORTH,,,,,,,
20220187639,4/18/2022,FALSE,FALSE,FALSE,TRUE,ANGLE,CLEAR,DARK - NOT LIGHTED,EAST,,,,,,,
20220187694,4/18/2022,FALSE,FALSE,FALSE,FALSE,ANGLE,CLEAR,DARK - NOT LIGHTED,WEST,,,,,,,
20220187697,4/18/2022,TRUE,FALSE,FALSE,FALSE,ANGLE,CLEAR,DARK - LIGHTED,MADISO,,,,,,,
20220187821,4/18/2022,FALSE,FALSE,FALSE,FALSE,SIDESWIPE - SAME DIRECTION,CLEAR,DARK - LIGHTED,HERMIT,,,,,,,
20220187973,4/18/2022,FALSE,FALSE,FALSE,FALSE,HEAD-ON,CLEAR,DARK - LIGHTED,SOUTH,,,,,,,
20220187980,4/18/2022,FALSE,FALSE,FALSE,TRUE,SIDESWIPE - SAME DIRECTION,CLEAR,DARK - LIGHTED,NORTH,,,,,,,
20220188167,4/19/2022,FALSE,FALSE,FALSE,FALSE,ANGLE,CLEAR,DARK - LIGHTED,HERMIT,,,,,,,
20220188302,4/19/2022,FALSE,FALSE,FALSE,FALSE,NOT COLLISION W/MOTOR VEHICLE-TRANSPORT,CLEAR,DARK - NOT LIGHTED,MIDTOW,,,,,,,
20220188397,4/19/2022,FALSE,FALSE,FALSE,FALSE,NOT COLLISION W/MOTOR VEHICLE-TRANSPORT,CLEAR,DARK - NOT LIGHTED,WEST,,,,,,,
20220188430,4/19/2022,TRUE,FALSE,TRUE,TRUE,Front to Rear,CLEAR,DARK - NOT LIGHTED,EAST,,,,,,,
20220188484,4/19/2022,FALSE,FALSE,FALSE,FALSE,ANGLE,CLEAR,DAYLIGHT,SOUTH,,,,,,,
20220188490,4/19/2022,FALSE,FALSE,FALSE,FALSE,Front to Rear,CLEAR,DAYLIGHT,EAST,,,,,,,
20220188546,4/19/2022,FALSE,FALSE,TRUE,FALSE,NOT COLLISION W/MOTOR VEHICLE-TRANSPORT,CLEAR,DAYLIGHT,NORTH,,,,,,,
20220188586,4/19/2022,FALSE,FALSE,FALSE,FALSE,Front to Rear,CLEAR,DAYLIGHT,EAST,,,,,,,
20220188595,4/19/2022,FALSE,FALSE,FALSE,FALSE,Front to Rear,CLEAR,DAYLIGHT,EAST,,,,,,,
20220188624,4/19/2022,TRUE,FALSE,FALSE,FALSE,Front to Rear,CLEAR,DAYLIGHT,MIDTOW,,,,,,,
20220188633,4/19/2022,TRUE,FALSE,FALSE,FALSE,Front to Rear,CLEAR,DAYLIGHT,HERMIT,,,,,,,
20220188638,4/19/2022,TRUE,FALSE,FALSE,FALSE,NOT COLLISION W/MOTOR VEHICLE-TRANSPORT,CLEAR,DAYLIGHT,NORTH,,,,,,,
20220188652,4/19/2022,FALSE,FALSE,TRUE,FALSE,NOT COLLISION W/MOTOR VEHICLE-TRANSPORT,CLEAR,DAYLIGHT,WEST,,,,,,,
20220188668,4/19/2022,TRUE,FALSE,FALSE,FALSE,Front to Rear,CLEAR,DAYLIGHT,HERMIT,,,,,,,
20220188675,4/19/2022,TRUE,FALSE,FALSE,FALSE,Front to Rear,CLEAR,DAYLIGHT,CENTRA,,,,,,,
20220188743,4/19/2022,FALSE,FALSE,FALSE,FALSE,Front to Rear,CLEAR,DAYLIGHT,NORTH,,,,,,,
20220188759,4/19/2022,FALSE,FALSE,FALSE,TRUE,Front to Rear,CLOUDY,DARK - LIGHTED,EAST,,,,,,,
20220188816,4/18/2022,FALSE,FALSE,TRUE,FALSE,NOT COLLISION W/MOTOR VEHICLE-TRANSPORT,CLOUDY,DAYLIGHT,NORTH,,,,,,,
20220188817,4/19/2022,TRUE,FALSE,FALSE,FALSE,ANGLE,CLEAR,DAYLIGHT,SOUTH,,,,,,,
20220188873,4/19/2022,TRUE,FALSE,TRUE,FALSE,NOT COLLISION W/MOTOR VEHICLE-TRANSPORT,CLEAR,DAYLIGHT,MIDTOW,,,,,,,
20220188884,4/19/2022,FALSE,FALSE,FALSE,FALSE,ANGLE,CLEAR,DAYLIGHT,CENTRA,,,,,,,
20220188885,4/19/2022,FALSE,FALSE,FALSE,FALSE,ANGLE,CLEAR,DAYLIGHT,CENTRA,,,,,,,
20220188988,4/19/2022,TRUE,FALSE,FALSE,FALSE,SIDESWIPE - OPPOSITE DIRECTION,CLEAR,DAYLIGHT,CENTRA,,,,,,,
20220189140,4/19/2022,FALSE,FALSE,FALSE,FALSE,Front to Rear,CLEAR,DAYLIGHT,CENTRA,,,,,,,
20220189251,4/19/2022,FALSE,FALSE,FALSE,FALSE,NOT COLLISION W/MOTOR VEHICLE-TRANSPORT,CLEAR,DAYLIGHT,WEST,,,,,,,
20220189322,4/19/2022,TRUE,FALSE,FALSE,FALSE,NOT COLLISION W/MOTOR VEHICLE-TRANSPORT,CLOUDY,DAYLIGHT,CENTRA,,,,,,,
20220189328,4/19/2022,TRUE,FALSE,FALSE,FALSE,NOT COLLISION W/MOTOR VEHICLE-TRANSPORT,CLEAR,DAYLIGHT,HERMIT,,,,,,,
20220189363,4/19/2022,FALSE,FALSE,FALSE,FALSE,ANGLE,CLEAR,DAYLIGHT,MADISO,,,,,,,
20220189366,4/19/2022,FALSE,FALSE,FALSE,FALSE,SIDESWIPE - SAME DIRECTION,CLEAR,DAYLIGHT,MIDTOW,,,,,,,
20220189398,4/19/2022,FALSE,FALSE,TRUE,FALSE,NOT COLLISION W/MOTOR VEHICLE-TRANSPORT,CLEAR,DAYLIGHT,HERMIT,,,,,,,
20220189421,4/19/2022,TRUE,FALSE,FALSE,FALSE,ANGLE,CLEAR,DAYLIGHT,MIDTOW,,,,,,,
20220189441,4/19/2022,FALSE,FALSE,FALSE,FALSE,Front to Rear,CLEAR,DAYLIGHT,HERMIT,,,,,,,
20220189452,4/19/2022,TRUE,FALSE,FALSE,FALSE,Front to Rear,CLEAR,DAYLIGHT,HERMIT,,,,,,,
20220189481,4/19/2022,FALSE,FALSE,FALSE,FALSE,ANGLE,CLEAR,DAYLIGHT,NORTH,,,,,,,
20220189502,4/19/2022,FALSE,FALSE,FALSE,TRUE,ANGLE,CLEAR,DAYLIGHT,SOUTH,,,,,,,
20220189530,4/19/2022,FALSE,FALSE,FALSE,TRUE,ANGLE,CLEAR,DAYLIGHT,CENTRA,,,,,,,
20220189560,4/19/2022,TRUE,FALSE,FALSE,FALSE,HEAD-ON,CLEAR,DAYLIGHT,NORTH,,,,,,,
20220189589,4/19/2022,TRUE,FALSE,FALSE,FALSE,HEAD-ON,CLEAR,DAYLIGHT,WEST,,,,,,,
20220189607,4/19/2022,TRUE,FALSE,FALSE,FALSE,Front to Rear,CLEAR,DAYLIGHT,HERMIT,,,,,,,
20220189651,4/19/2022,TRUE,FALSE,FALSE,FALSE,NOT COLLISION W/MOTOR VEHICLE-TRANSPORT,CLEAR,DAYLIGHT,NORTH,,,,,,,
20220189689,4/19/2022,FALSE,FALSE,FALSE,FALSE,Front to Rear,CLEAR,DAYLIGHT,WEST,,,,,,,
20220189845,4/19/2022,FALSE,FALSE,FALSE,FALSE,Front to Rear,CLEAR,DAYLIGHT,HERMIT,,,,,,,
20220189849,4/19/2022,FALSE,FALSE,FALSE,FALSE,NOT COLLISION W/MOTOR VEHICLE-TRANSPORT,CLEAR,DARK - NOT LIGHTED,WEST,,,,,,,
20220189896,4/19/2022,FALSE,FALSE,FALSE,FALSE,ANGLE,CLEAR,DARK - LIGHTED,HERMIT,,,,,,,
20220189926,4/19/2022,FALSE,FALSE,FALSE,TRUE,Front to Rear,CLEAR,DARK - LIGHTED,SOUTH,,,,,,,
20220189952,4/19/2022,FALSE,FALSE,FALSE,TRUE,SIDESWIPE - SAME DIRECTION,CLEAR,DARK - LIGHTED,SOUTH,,,,,,,
20220189960,4/19/2022,FALSE,FALSE,FALSE,TRUE,Front to Rear,CLEAR,DAYLIGHT,HERMIT,,,,,,,
20220190217,4/19/2022,FALSE,FALSE,FALSE,FALSE,SIDESWIPE - SAME DIRECTION,CLEAR,DARK - LIGHTED,MIDTOW,,,,,,,
20220190242,4/19/2022,TRUE,FALSE,FALSE,FALSE,Front to Rear,CLEAR,DARK - NOT LIGHTED,HERMIT,,,,,,,
20220190292,4/19/2022,FALSE,FALSE,FALSE,FALSE,SIDESWIPE - SAME DIRECTION,CLEAR,DARK - NOT LIGHTED,SOUTH,,,,,,,
20220190536,4/20/2022,FALSE,FALSE,FALSE,TRUE,SIDESWIPE - SAME DIRECTION,CLEAR,DARK - LIGHTED,EAST,,,,,,,
20220190538,4/20/2022,FALSE,FALSE,TRUE,FALSE,NOT COLLISION W/MOTOR VEHICLE-TRANSPORT,CLEAR,DARK - NOT LIGHTED,HERMIT,,,,,,,
20220190757,4/20/2022,FALSE,FALSE,FALSE,FALSE,SIDESWIPE - SAME DIRECTION,CLEAR,DAWN,SOUTH,,,,,,,
20220190816,4/20/2022,FALSE,FALSE,FALSE,FALSE,Front to Rear,CLEAR,DAYLIGHT,MIDTOW,,,,,,,
20220190823,4/20/2022,TRUE,FALSE,FALSE,FALSE,NOT COLLISION W/MOTOR VEHICLE-TRANSPORT,CLEAR,DAYLIGHT,WEST,,,,,,,
20220190865,4/20/2022,FALSE,FALSE,FALSE,FALSE,Front to Rear,CLEAR,DAYLIGHT,MADISO,,,,,,,
20220190900,4/20/2022,FALSE,FALSE,FALSE,TRUE,Front to Rear,CLEAR,DAYLIGHT,SOUTH,,,,,,,
20220190957,4/20/2022,FALSE,FALSE,FALSE,FALSE,ANGLE,CLEAR,DAYLIGHT,MIDTOW,,,,,,,
20220190999,4/20/2022,FALSE,FALSE,FALSE,FALSE,Front to Rear,CLOUDY,DAYLIGHT,NORTH,,,,,,,
20220191017,4/20/2022,FALSE,FALSE,FALSE,TRUE,Front to Rear,CLEAR,DAYLIGHT,HERMIT,,,,,,,
20220191062,4/20/2022,FALSE,FALSE,FALSE,FALSE,ANGLE,CLEAR,DAYLIGHT,WEST,,,,,,,
20220191068,4/20/2022,TRUE,FALSE,FALSE,FALSE,Rear to Side,CLEAR,DAYLIGHT,NORTH,,,,,,,
20220191098,4/20/2022,FALSE,FALSE,FALSE,FALSE,Front to Rear,CLEAR,DAYLIGHT,HERMIT,,,,,,,
20220191129,4/20/2022,FALSE,FALSE,FALSE,FALSE,SIDESWIPE - SAME DIRECTION,CLEAR,DAYLIGHT,CENTRA,,,,,,,
20220191209,4/20/2022,FALSE,FALSE,FALSE,FALSE,ANGLE,CLEAR,DAYLIGHT,NORTH,,,,,,,
20220191236,4/20/2022,TRUE,FALSE,FALSE,FALSE,NOT COLLISION W/MOTOR VEHICLE-TRANSPORT,CLOUDY,DAYLIGHT,WEST,,,,,,,
20220191258,4/20/2022,FALSE,FALSE,FALSE,TRUE,Front to Rear,CLEAR,DAYLIGHT,EAST,,,,,,,
20220191259,4/20/2022,FALSE,FALSE,FALSE,TRUE,ANGLE,CLEAR,DAYLIGHT,EAST,,,,,,,
20220191315,4/20/2022,FALSE,FALSE,FALSE,FALSE,SIDESWIPE - SAME DIRECTION,CLOUDY,DAYLIGHT,MADISO,,,,,,,
20220191328,4/20/2022,TRUE,FALSE,FALSE,FALSE,ANGLE,CLOUDY,DAYLIGHT,MADISO,,,,,,,
20220191334,4/20/2022,FALSE,FALSE,FALSE,FALSE,ANGLE,CLEAR,DAYLIGHT,WEST,,,,,,,
20220191351,4/20/2022,TRUE,FALSE,FALSE,FALSE,Front to Rear,CLEAR,DAYLIGHT,SOUTH,,,,,,,
20220191401,4/20/2022,FALSE,FALSE,FALSE,FALSE,ANGLE,CLEAR,DAYLIGHT,CENTRA,,,,,,,
20220191416,4/20/2022,TRUE,FALSE,FALSE,FALSE,Front to Rear,CLEAR,DAYLIGHT,WEST,,,,,,,
20220191441,4/20/2022,FALSE,FALSE,FALSE,FALSE,ANGLE,CLEAR,DAYLIGHT,MADISO,,,,,,,
20220191544,4/20/2022,FALSE,FALSE,FALSE,FALSE,Front to Rear,CLEAR,DAYLIGHT,MIDTOW,,,,,,,
20220191597,4/20/2022,FALSE,FALSE,FALSE,FALSE,ANGLE,CLOUDY,DAYLIGHT,SOUTH,,,,,,,
20220191604,4/20/2022,TRUE,FALSE,FALSE,FALSE,Front to Rear,CLOUDY,DAYLIGHT,SOUTH,,,,,,,
20220191607,4/20/2022,TRUE,FALSE,FALSE,FALSE,ANGLE,CLEAR,DAYLIGHT,NORTH,,,,,,,
20220191617,4/20/2022,TRUE,FALSE,FALSE,FALSE,ANGLE,OTHER (NARRATIVE),OTHER,CENTRA,,,,,,,
20220191626,4/20/2022,TRUE,FALSE,FALSE,FALSE,OTHER,CLEAR,DAYLIGHT,NORTH,,,,,,,
20220191637,4/20/2022,FALSE,FALSE,FALSE,FALSE,Front to Rear,CLOUDY,DAYLIGHT,SOUTH,,,,,,,
20220191639,4/20/2022,FALSE,FALSE,FALSE,FALSE,ANGLE,CLOUDY,DAYLIGHT,EAST,,,,,,,
20220191649,4/20/2022,TRUE,FALSE,FALSE,FALSE,Front to Rear,CLOUDY,DAYLIGHT,SOUTH,,,,,,,
20220191652,4/20/2022,TRUE,FALSE,FALSE,TRUE,ANGLE,CLEAR,DAYLIGHT,SOUTH,,,,,,,
20220191662,4/20/2022,FALSE,FALSE,FALSE,FALSE,Front to Rear,CLEAR,DAYLIGHT,HERMIT,,,,,,,
20220191671,4/20/2022,FALSE,FALSE,FALSE,FALSE,Front to Rear,CLOUDY,DAYLIGHT,WEST,,,,,,,
20220191711,4/20/2022,FALSE,FALSE,FALSE,FALSE,Front to Rear,CLOUDY,DAYLIGHT,SOUTH,,,,,,,
20220191759,4/20/2022,FALSE,FALSE,FALSE,TRUE,Front to Rear,CLEAR,DAYLIGHT,SOUTH,,,,,,,
20220191802,4/20/2022,FALSE,FALSE,FALSE,FALSE,SIDESWIPE - SAME DIRECTION,CLEAR,DAYLIGHT,SOUTH,,,,,,,
20220191817,4/20/2022,FALSE,FALSE,TRUE,FALSE,ANGLE,CLEAR,DAYLIGHT,EAST,,,,,,,
20220191834,4/20/2022,TRUE,FALSE,FALSE,FALSE,Front to Rear,CLOUDY,DAYLIGHT,NORTH,,,,,,,
20220191846,4/20/2022,FALSE,FALSE,FALSE,FALSE,NOT COLLISION W/MOTOR VEHICLE-TRANSPORT,CLEAR,DAYLIGHT,HERMIT,,,,,,,
20220191889,4/20/2022,FALSE,FALSE,FALSE,FALSE,Front to Rear,CLOUDY,DAYLIGHT,HERMIT,,,,,,,
20220191892,4/20/2022,FALSE,FALSE,FALSE,FALSE,SIDESWIPE - OPPOSITE DIRECTION,CLOUDY,DAYLIGHT,MIDTOW,,,,,,,
20220191901,4/20/2022,TRUE,FALSE,FALSE,FALSE,Front to Rear,CLOUDY,DAYLIGHT,SOUTH,,,,,,,
20220191944,4/20/2022,TRUE,FALSE,FALSE,FALSE,Front to Rear,CLEAR,DAYLIGHT,MADISO,,,,,,,
20220191966,4/20/2022,FALSE,FALSE,FALSE,FALSE,NOT COLLISION W/MOTOR VEHICLE-TRANSPORT,CLEAR,DUSK,HERMIT,,,,,,,
20220191985,4/20/2022,FALSE,FALSE,FALSE,FALSE,ANGLE,CLEAR,DAYLIGHT,HERMIT,,,,,,,
20220192054,4/20/2022,TRUE,FALSE,FALSE,FALSE,NOT COLLISION W/MOTOR VEHICLE-TRANSPORT,CLOUDY,DARK - NOT LIGHTED,HERMIT,,,,,,,
20220192097,4/20/2022,TRUE,FALSE,FALSE,FALSE,SIDESWIPE - SAME DIRECTION,CLEAR,DARK - NOT LIGHTED,SOUTH,,,,,,,
20220192137,4/20/2022,TRUE,FALSE,TRUE,FALSE,ANGLE,CLEAR,DARK - LIGHTED,MIDTOW,,,,,,,
20220192197,4/20/2022,FALSE,FALSE,FALSE,FALSE,ANGLE,CLEAR,DARK - LIGHTED,EAST,,,,,,,
20220192243,4/20/2022,FALSE,FALSE,TRUE,FALSE,NOT COLLISION W/MOTOR VEHICLE-TRANSPORT,CLOUDY,DARK - LIGHTED,SOUTH,,,,,,,
20220192275,4/20/2022,FALSE,FALSE,FALSE,FALSE,ANGLE,CLEAR,DARK - NOT LIGHTED,HERMIT,,,,,,,
20220192280,4/20/2022,FALSE,FALSE,FALSE,FALSE,ANGLE,CLEAR,DARK - LIGHTED,CENTRA,,,,,,,
20220192563,4/20/2022,FALSE,FALSE,FALSE,FALSE,NOT COLLISION W/MOTOR VEHICLE-TRANSPORT,CLEAR,DARK - NOT LIGHTED,MADISO,,,,,,,
20220192568,4/20/2022,FALSE,FALSE,FALSE,FALSE,NOT COLLISION W/MOTOR VEHICLE-TRANSPORT,CLEAR,DARK - LIGHTED,SOUTH,,,,,,,
20220192761,4/21/2022,TRUE,FALSE,FALSE,FALSE,Front to Rear,CLEAR,DARK - NOT LIGHTED,CENTRA,,,,,,,
20220192791,4/21/2022,FALSE,FALSE,FALSE,FALSE,NOT COLLISION W/MOTOR VEHICLE-TRANSPORT,CLEAR,DARK - NOT LIGHTED,CENTRA,,,,,,,
20220192809,4/21/2022,TRUE,FALSE,FALSE,TRUE,Front to Rear,CLEAR,DARK - LIGHTED,SOUTH,,,,,,,
20220192834,4/21/2022,TRUE,FALSE,FALSE,FALSE,NOT COLLISION W/MOTOR VEHICLE-TRANSPORT,CLEAR,DARK - NOT LIGHTED,CENTRA,,,,,,,
20220192867,4/21/2022,TRUE,FALSE,FALSE,FALSE,NOT COLLISION W/MOTOR VEHICLE-TRANSPORT,RAIN,DARK - LIGHTED,NORTH,,,,,,,
20220192911,4/21/2022,FALSE,FALSE,FALSE,FALSE,SIDESWIPE - SAME DIRECTION,RAIN,DARK - LIGHTED,HERMIT,,,,,,,
20220192932,4/21/2022,FALSE,FALSE,FALSE,FALSE,ANGLE,RAIN,DARK - LIGHTED,SOUTH,,,,,,,
20220192960,4/21/2022,FALSE,FALSE,FALSE,FALSE,NOT COLLISION W/MOTOR VEHICLE-TRANSPORT,RAIN,DAYLIGHT,WEST,,,,,,,
20220192988,4/21/2022,TRUE,FALSE,FALSE,FALSE,NOT COLLISION W/MOTOR VEHICLE-TRANSPORT,RAIN,DAYLIGHT,MADISO,,,,,,,
20220192993,4/21/2022,FALSE,FALSE,FALSE,FALSE,NOT COLLISION W/MOTOR VEHICLE-TRANSPORT,CLOUDY,DAYLIGHT,CENTRA,,,,,,,
20220192995,4/21/2022,FALSE,FALSE,FALSE,FALSE,NOT COLLISION W/MOTOR VEHICLE-TRANSPORT,RAIN,DAYLIGHT,MADISO,,,,,,,
20220193026,4/21/2022,TRUE,FALSE,FALSE,FALSE,Front to Rear,RAIN,DAYLIGHT,WEST,,,,,,,
20220193042,4/21/2022,FALSE,FALSE,FALSE,FALSE,ANGLE,RAIN,DAYLIGHT,HERMIT,,,,,,,
20220193055,4/21/2022,TRUE,FALSE,FALSE,FALSE,ANGLE,CLOUDY,DAYLIGHT,WEST,,,,,,,
20220193140,4/21/2022,TRUE,FALSE,FALSE,FALSE,Front to Rear,CLEAR,DAYLIGHT,MIDTOW,,,,,,,
20220193143,4/21/2022,FALSE,FALSE,FALSE,FALSE,Front to Rear,CLOUDY,DAYLIGHT,MIDTOW,,,,,,,
20220193146,4/21/2022,FALSE,FALSE,FALSE,FALSE,Front to Rear,RAIN,DAYLIGHT,WEST,,,,,,,
20220193171,4/21/2022,TRUE,FALSE,FALSE,FALSE,SIDESWIPE - SAME DIRECTION,CLOUDY,DAYLIGHT,SOUTH,,,,,,,
20220193175,4/21/2022,FALSE,FALSE,FALSE,FALSE,NOT COLLISION W/MOTOR VEHICLE-TRANSPORT,RAIN,DAYLIGHT,HERMIT,,,,,,,
20220193194,4/21/2022,TRUE,FALSE,FALSE,FALSE,NOT COLLISION W/MOTOR VEHICLE-TRANSPORT,CLOUDY,DAYLIGHT,SOUTH,,,,,,,
20220193212,4/21/2022,FALSE,FALSE,FALSE,FALSE,SIDESWIPE - SAME DIRECTION,CLEAR,DAYLIGHT,HERMIT,,,,,,,
20220193224,4/21/2022,FALSE,FALSE,FALSE,FALSE,Front to Rear,CLOUDY,DAYLIGHT,SOUTH,,,,,,,
20220193234,4/21/2022,TRUE,FALSE,FALSE,FALSE,Front to Rear,CLEAR,DAYLIGHT,SOUTH,,,,,,,
20220193323,4/21/2022,FALSE,FALSE,FALSE,FALSE,ANGLE,CLOUDY,DAYLIGHT,HERMIT,,,,,,,
20220193364,4/21/2022,TRUE,FALSE,FALSE,FALSE,SIDESWIPE - SAME DIRECTION,CLEAR,DAYLIGHT,SOUTH,,,,,,,
20220193407,4/21/2022,TRUE,FALSE,FALSE,FALSE,Front to Rear,CLEAR,DAYLIGHT,EAST,,,,,,,
20220193446,4/21/2022,TRUE,FALSE,FALSE,FALSE,ANGLE,CLEAR,DAYLIGHT,MIDTOW,,,,,,,
20220193464,4/21/2022,TRUE,FALSE,FALSE,FALSE,NOT COLLISION W/MOTOR VEHICLE-TRANSPORT,CLEAR,DAYLIGHT,CENTRA,,,,,,,
20220193476,4/21/2022,FALSE,FALSE,FALSE,TRUE,SIDESWIPE - SAME DIRECTION,CLEAR,DAYLIGHT,NORTH,,,,,,,
20220193478,4/21/2022,FALSE,FALSE,FALSE,TRUE,SIDESWIPE - SAME DIRECTION,CLEAR,DAYLIGHT,CENTRA,,,,,,,
20220193487,4/21/2022,FALSE,FALSE,FALSE,FALSE,Front to Rear,CLEAR,DAYLIGHT,SOUTH,,,,,,,
20220193548,4/21/2022,FALSE,FALSE,FALSE,FALSE,Front to Rear,CLOUDY,DAYLIGHT,HERMIT,,,,,,,
20220193581,4/21/2022,FALSE,FALSE,FALSE,FALSE,ANGLE,CLOUDY,DAYLIGHT,WEST,,,,,,,
20220193602,4/21/2022,FALSE,FALSE,FALSE,FALSE,SIDESWIPE - SAME DIRECTION,CLEAR,DAYLIGHT,SOUTH,,,,,,,
20220193634,4/21/2022,FALSE,FALSE,FALSE,FALSE,ANGLE,CLEAR,DAYLIGHT,CENTRA,,,,,,,
20220193653,4/21/2022,FALSE,FALSE,FALSE,FALSE,SIDESWIPE - SAME DIRECTION,CLOUDY,DAYLIGHT,NORTH,,,,,,,
20220193667,4/21/2022,FALSE,FALSE,FALSE,FALSE,NOT COLLISION W/MOTOR VEHICLE-TRANSPORT,CLEAR,DAYLIGHT,SOUTH,,,,,,,
20220193736,4/21/2022,TRUE,FALSE,FALSE,FALSE,ANGLE,CLOUDY,DAYLIGHT,WEST,,,,,,,
20220193744,4/21/2022,FALSE,FALSE,FALSE,FALSE,NOT COLLISION W/MOTOR VEHICLE-TRANSPORT,CLEAR,DAYLIGHT,SOUTH,,,,,,,
20220193750,4/21/2022,FALSE,FALSE,FALSE,FALSE,ANGLE,CLOUDY,DAYLIGHT,CENTRA,,,,,,,
20220193780,4/21/2022,FALSE,FALSE,FALSE,FALSE,Front to Rear,CLOUDY,DAYLIGHT,SOUTH,,,,,,,
20220193812,4/21/2022,FALSE,FALSE,FALSE,TRUE,SIDESWIPE - SAME DIRECTION,CLOUDY,DAYLIGHT,CENTRA,,,,,,,
20220193821,4/21/2022,FALSE,FALSE,FALSE,FALSE,ANGLE,CLEAR,DAYLIGHT,MADISO,,,,,,,
20220193823,4/21/2022,FALSE,FALSE,FALSE,FALSE,SIDESWIPE - SAME DIRECTION,CLEAR,DAYLIGHT,MIDTOW,,,,,,,
20220193829,4/21/2022,FALSE,FALSE,FALSE,TRUE,Front to Rear,CLEAR,DAYLIGHT,WEST,,,,,,,
20220193847,4/21/2022,FALSE,FALSE,TRUE,FALSE,NOT COLLISION W/MOTOR VEHICLE-TRANSPORT,CLOUDY,DAYLIGHT,MADISO,,,,,,,
20220193867,4/21/2022,TRUE,FALSE,FALSE,TRUE,ANGLE,CLEAR,DAYLIGHT,MIDTOW,,,,,,,
20220193910,4/21/2022,FALSE,FALSE,FALSE,TRUE,Front to Rear,CLEAR,DAYLIGHT,SOUTH,,,,,,,
20220193928,4/21/2022,TRUE,FALSE,TRUE,FALSE,NOT COLLISION W/MOTOR VEHICLE-TRANSPORT,CLOUDY,DAYLIGHT,EAST,,,,,,,
20220193947,4/21/2022,TRUE,FALSE,FALSE,FALSE,NOT COLLISION W/MOTOR VEHICLE-TRANSPORT,CLOUDY,DAYLIGHT,MIDTOW,,,,,,,
20220194001,4/21/2022,TRUE,FALSE,FALSE,FALSE,SIDESWIPE - SAME DIRECTION,CLEAR,DAYLIGHT,SOUTH,,,,,,,