AccidentNumber,AccidentDate,Injury,Fatality,PropertyDamage,HitAndRun,CollisionType,Weather,Illumination,Precinct,,,,,,,
20220207526,4/28/2022,FALSE,FALSE,FALSE,FALSE,NOT COLLISION W/MOTOR VEHICLE-TRANSPORT,CLEAR,DARK - LIGHTED,SOUTH,,,,,,,
20220207679,4/28/2022,FALSE,FALSE,FALSE,TRUE,SIDESWIPE - SAME DIRECTION,CLEAR,DARK - LIGHTED,SOUTH,,,,,,,
20220207730,4/28/2022,FALSE,FALSE,FALSE,FALSE,NOT COLLISION W/MOTOR VEHICLE-TRANSPORT,CLEAR,DARK - LIGHTED,MADISO,,,,,,,
20220207904,4/28/2022,TRUE,FALSE,FALSE,FALSE,ANGLE,CLEAR,DARK - LIGHTED,EAST,,,,,,,
20220207909,4/28/2022,FALSE,FALSE,FALSE,TRUE,Front to Rear,CLEAR,DARK - LIGHTED,SOUTH,,,,,,,
20220207965,4/29/2022,TRUE,FALSE,FALSE,FALSE,NOT COLLISION W/MOTOR VEHICLE-TRANSPORT,CLEAR,DARK - NOT LIGHTED,SOUTH,,,,,,,
20220208042,4/29/2022,FALSE,FALSE,FALSE,FALSE,Front to Rear,CLEAR,DARK - LIGHTED,SOUTH,,,,,,,
20220208106,4/29/2022,FALSE,FALSE,FALSE,FALSE,ANGLE,CLEAR,DARK - NOT LIGHTED,SOUTH,,,,,,,
20220208146,4/29/2022,FALSE,FALSE,TRUE,FALSE,NOT COLLISION W/MOTOR VEHICLE-TRANSPORT,CLEAR,DARK - LIGHTED,WEST,,,,,,,
20220208173,4/29/2022,FALSE,FALSE,FALSE,FALSE,NOT COLLISION W/MOTOR VEHICLE-TRANSPORT,CLEAR,DARK - LIGHTED,CENTRA,,,,,,,
20220208193,4/29/2022,TRUE,FALSE,FALSE,FALSE,Front to Rear,CLEAR,DARK - LIGHTED,SOUTH,,,,,,,
20220208295,4/29/2022,FALSE,FALSE,FALSE,TRUE,Rear to Side,CLEAR,DAYLIGHT,SOUTH,,,,,,,
20220208330,4/29/2022,FALSE,FALSE,FALSE,FALSE,ANGLE,CLEAR,Dark-Unknown Lighting,HERMIT,,,,,,,
20220208374,4/29/2022,FALSE,FALSE,FALSE,FALSE,ANGLE,CLOUDY,DAYLIGHT,WEST,,,,,,,
20220208405,4/29/2022,FALSE,FALSE,FALSE,FALSE,ANGLE,CLOUDY,DAYLIGHT,MIDTOW,,,,,,,
20220208432,4/29/2022,TRUE,FALSE,FALSE,FALSE,Front to Rear,CLOUDY,DAYLIGHT,SOUTH,,,,,,,
20220208453,4/29/2022,FALSE,FALSE,FALSE,FALSE,Front to Rear,CLOUDY,DAYLIGHT,SOUTH,,,,,,,
20220208491,4/29/2022,TRUE,FALSE,FALSE,FALSE,ANGLE,CLOUDY,DAYLIGHT,SOUTH,,,,,,,
20220208599,4/29/2022,FALSE,FALSE,FALSE,TRUE,ANGLE,CLOUDY,DAYLIGHT,MADISO,,,,,,,
20220208705,4/29/2022,FALSE,FALSE,FALSE,FALSE,ANGLE,CLEAR,DAYLIGHT,SOUTH,,,,,,,
20220208751,4/29/2022,TRUE,FALSE,FALSE,FALSE,NOT COLLISION W/MOTOR VEHICLE-TRANSPORT,CLEAR,DAYLIGHT,MADISO,,,,,,,
20220208779,4/29/2022,FALSE,FALSE,FALSE,FALSE,Front to Rear,CLOUDY,DAYLIGHT,SOUTH,,,,,,,
20220208823,4/29/2022,FALSE,FALSE,FALSE,FALSE,Front to Rear,CLEAR,DAYLIGHT,HERMIT,,,,,,,
20220208829,4/29/2022,FALSE,FALSE,FALSE,FALSE,SIDESWIPE - SAME DIRECTION,CLEAR,DAYLIGHT,EAST,,,,,,,
20220208865,4/29/2022,FALSE,FALSE,FALSE,FALSE,ANGLE,CLEAR,DAYLIGHT,WEST,,,,,,,
20220208924,4/29/2022,FALSE,FALSE,FALSE,FALSE,ANGLE,CLEAR,DAYLIGHT,MIDTOW,,,,,,,
20220208947,4/29/2022,FALSE,FALSE,FALSE,FALSE,Front to Rear,CLEAR,DAYLIGHT,NORTH,,,,,,,
20220208977,4/29/2022,FALSE,FALSE,TRUE,FALSE,NOT COLLISION W/MOTOR VEHICLE-TRANSPORT,CLOUDY,DAYLIGHT,MADISO,,,,,,,
20220208978,4/29/2022,FALSE,FALSE,FALSE,FALSE,ANGLE,CLEAR,DAYLIGHT,WEST,,,,,,,
20220208987,4/29/2022,FALSE,FALSE,FALSE,FALSE,ANGLE,CLEAR,DAYLIGHT,WEST,,,,,,,
20220209008,4/29/2022,FALSE,FALSE,TRUE,FALSE,NOT COLLISION W/MOTOR VEHICLE-TRANSPORT,CLEAR,DAYLIGHT,CENTRA,,,,,,,
20220209012,4/29/2022,FALSE,FALSE,FALSE,TRUE,Front to Rear,CLEAR,DAYLIGHT,SOUTH,,,,,,,
20220209025,4/29/2022,FALSE,FALSE,FALSE,TRUE,Front to Rear,CLEAR,DAYLIGHT,NORTH,,,,,,,
20220209049,4/29/2022,FALSE,FALSE,FALSE,FALSE,Front to Rear,CLEAR,DAYLIGHT,HERMIT,,,,,,,
20220209071,4/29/2022,TRUE,FALSE,FALSE,FALSE,SIDESWIPE - SAME DIRECTION,CLEAR,DAYLIGHT,MIDTOW,,,,,,,
20220209154,4/29/2022,FALSE,FALSE,FALSE,FALSE,Front to Rear,CLEAR,DAYLIGHT,HERMIT,,,,,,,
20220209167,4/29/2022,TRUE,FALSE,FALSE,FALSE,Front to Rear,CLEAR,DAYLIGHT,SOUTH,,,,,,,
20220209179,4/29/2022,TRUE,FALSE,FALSE,FALSE,ANGLE,CLEAR,DAYLIGHT,SOUTH,,,,,,,
20220209209,4/29/2022,TRUE,FALSE,FALSE,FALSE,SIDESWIPE - SAME DIRECTION,CLEAR,DAYLIGHT,HERMIT,,,,,,,
20220209228,4/29/2022,FALSE,FALSE,FALSE,TRUE,Front to Rear,CLEAR,DAYLIGHT,MADISO,,,,,,,
20220209244,4/29/2022,TRUE,FALSE,FALSE,TRUE,NOT COLLISION W/MOTOR VEHICLE-TRANSPORT,CLEAR,DAYLIGHT,MIDTOW,,,,,,,
20220209253,4/29/2022,FALSE,FALSE,FALSE,FALSE,Front to Rear,CLEAR,DAYLIGHT,HERMIT,,,,,,,
20220209313,4/29/2022,TRUE,FALSE,FALSE,FALSE,SIDESWIPE - OPPOSITE DIRECTION,CLEAR,DAYLIGHT,WEST,,,,,,,
20220209324,4/29/2022,FALSE,FALSE,FALSE,FALSE,ANGLE,CLEAR,DAYLIGHT,SOUTH,,,,,,,
20220209349,4/29/2022,FALSE,FALSE,FALSE,FALSE,ANGLE,CLEAR,DARK - LIGHTED,MIDTOW,,,,,,,
20220209360,4/29/2022,TRUE,FALSE,FALSE,FALSE,Front to Rear,CLEAR,DAYLIGHT,SOUTH,,,,,,,
20220209387,4/29/2022,TRUE,FALSE,FALSE,TRUE,SIDESWIPE - OPPOSITE DIRECTION,CLEAR,DAYLIGHT,NORTH,,,,,,,
20220209400,4/29/2022,FALSE,FALSE,FALSE,FALSE,Front to Rear,CLEAR,DAYLIGHT,MIDTOW,,,,,,,
20220209418,4/29/2022,TRUE,FALSE,TRUE,FALSE,NOT COLLISION W/MOTOR VEHICLE-TRANSPORT,CLEAR,DAYLIGHT,SOUTH,,,,,,,
20220209440,4/29/2022,TRUE,FALSE,FALSE,FALSE,ANGLE,CLEAR,DAYLIGHT,NORTH,,,,,,,
20220209441,4/29/2022,FALSE,FALSE,FALSE,TRUE,Rear to Side,CLEAR,DAYLIGHT,MIDTOW,,,,,,,
20220209458,4/29/2022,FALSE,FALSE,FALSE,FALSE,ANGLE,CLEAR,DAYLIGHT,MADISO,,,,,,,
20220209470,4/29/2022,FALSE,FALSE,FALSE,FALSE,Front to Rear,CLEAR,DUSK,HERMIT,,,,,,,
20220209557,4/29/2022,FALSE,FALSE,FALSE,FALSE,SIDESWIPE - SAME DIRECTION,CLEAR,DAYLIGHT,SOUTH,,,,,,,
20220209571,4/29/2022,FALSE,FALSE,FALSE,FALSE,Front to Rear,CLEAR,DARK - LIGHTED,WEST,,,,,,,
20220209604,4/29/2022,TRUE,FALSE,FALSE,FALSE,OTHER,CLEAR,DARK - LIGHTED,NORTH,,,,,,,
20220209615,4/29/2022,FALSE,FALSE,FALSE,TRUE,Rear to Side,CLEAR,DARK - LIGHTED,HERMIT,,,,,,,
20220209694,4/29/2022,FALSE,FALSE,FALSE,TRUE,Front to Rear,CLOUDY,DARK - LIGHTED,HERMIT,,,,,,,
20220209730,4/29/2022,FALSE,FALSE,FALSE,TRUE,Front to Rear,CLEAR,DARK - LIGHTED,SOUTH,,,,,,,
20220209791,4/29/2022,FALSE,FALSE,FALSE,FALSE,Front to Rear,CLOUDY,DARK - LIGHTED,MIDTOW,,,,,,,
20220209845,4/29/2022,FALSE,FALSE,FALSE,FALSE,SIDESWIPE - SAME DIRECTION,CLEAR,DARK - LIGHTED,MIDTOW,,,,,,,
20220209889,4/29/2022,FALSE,FALSE,FALSE,TRUE,ANGLE,CLEAR,DARK - LIGHTED,SOUTH,,,,,,,
20220209935,4/29/2022,FALSE,FALSE,FALSE,TRUE,Front to Rear,CLEAR,DARK - LIGHTED,SOUTH,,,,,,,
20220209969,4/29/2022,FALSE,FALSE,FALSE,FALSE,ANGLE,CLEAR,DARK - LIGHTED,MIDTOW,,,,,,,
20220209980,4/29/2022,FALSE,FALSE,FALSE,TRUE,Front to Rear,CLEAR,DARK - LIGHTED,CENTRA,,,,,,,
20220210101,4/30/2022,FALSE,FALSE,FALSE,TRUE,NOT COLLISION W/MOTOR VEHICLE-TRANSPORT,CLEAR,DARK - LIGHTED,NORTH,,,,,,,
20220210106,4/30/2022,TRUE,FALSE,FALSE,FALSE,Front to Rear,CLEAR,DARK - LIGHTED,MIDTOW,,,,,,,
20220210111,4/30/2022,FALSE,FALSE,FALSE,FALSE,SIDESWIPE - SAME DIRECTION,CLEAR,DARK - LIGHTED,CENTRA,,,,,,,
20220210267,4/30/2022,TRUE,FALSE,FALSE,FALSE,NOT COLLISION W/MOTOR VEHICLE-TRANSPORT,CLEAR,DARK - LIGHTED,CENTRA,,,,,,,
20220210268,4/30/2022,FALSE,FALSE,FALSE,TRUE,Front to Rear,CLEAR,DARK - LIGHTED,MIDTOW,,,,,,,
20220210287,4/30/2022,FALSE,FALSE,FALSE,TRUE,ANGLE,CLEAR,DARK - LIGHTED,MIDTOW,,,,,,,
20220210325,4/30/2022,FALSE,FALSE,FALSE,FALSE,NOT COLLISION W/MOTOR VEHICLE-TRANSPORT,CLEAR,DARK - LIGHTED,HERMIT,,,,,,,
20220210359,4/30/2022,FALSE,FALSE,FALSE,FALSE,SIDESWIPE - SAME DIRECTION,CLEAR,DAYLIGHT,HERMIT,,,,,,,
20220210361,4/30/2022,FALSE,FALSE,FALSE,TRUE,NOT COLLISION W/MOTOR VEHICLE-TRANSPORT,CLEAR,DAYLIGHT,NORTH,,,,,,,
20220210400,4/30/2022,FALSE,FALSE,FALSE,FALSE,SIDESWIPE - SAME DIRECTION,CLEAR,DAYLIGHT,HERMIT,,,,,,,
20220210411,4/30/2022,FALSE,FALSE,FALSE,TRUE,SIDESWIPE - SAME DIRECTION,CLOUDY,DAYLIGHT,HERMIT,,,,,,,
20220210453,4/30/2022,FALSE,FALSE,FALSE,TRUE,Front to Rear,CLEAR,DAYLIGHT,SOUTH,,,,,,,
20220210519,4/30/2022,TRUE,FALSE,FALSE,TRUE,Front to Rear,CLEAR,DAYLIGHT,HERMIT,,,,,,,
20220210548,4/30/2022,TRUE,FALSE,FALSE,FALSE,Front to Rear,CLOUDY,DAYLIGHT,HERMIT,,,,,,,
20220210568,4/30/2022,FALSE,FALSE,FALSE,FALSE,SIDESWIPE - SAME DIRECTION,CLEAR,DAYLIGHT,MADISO,,,,,,,
20220210584,4/30/2022,TRUE,FALSE,FALSE,FALSE,ANGLE,CLOUDY,DAYLIGHT,CENTRA,,,,,,,
20220210626,4/30/2022,TRUE,FALSE,FALSE,FALSE,ANGLE,CLOUDY,DAYLIGHT,HERMIT,,,,,,,
20220210628,4/30/2022,FALSE,FALSE,FALSE,FALSE,ANGLE,CLEAR,DAYLIGHT,SOUTH,,,,,,,
20220210639,4/30/2022,FALSE,FALSE,FALSE,FALSE,NOT COLLISION W/MOTOR VEHICLE-TRANSPORT,CLEAR,DAYLIGHT,EAST,,,,,,,
20220210655,4/30/2022,FALSE,FALSE,FALSE,FALSE,ANGLE,CLEAR,DAYLIGHT,EAST,,,,,,,
20220210675,4/30/2022,FALSE,FALSE,FALSE,FALSE,ANGLE,CLEAR,DAYLIGHT,SOUTH,,,,,,,
20220210676,4/30/2022,FALSE,FALSE,FALSE,FALSE,ANGLE,CLOUDY,DAYLIGHT,SOUTH,,,,,,,
20220210692,4/30/2022,FALSE,FALSE,FALSE,FALSE,Front to Rear,CLEAR,DAYLIGHT,CENTRA,,,,,,,
20220210733,4/30/2022,TRUE,FALSE,FALSE,FALSE,NOT COLLISION W/MOTOR VEHICLE-TRANSPORT,CLEAR,DAYLIGHT,WEST,,,,,,,
20220210741,4/30/2022,TRUE,FALSE,FALSE,FALSE,ANGLE,CLEAR,DAYLIGHT,MADISO,,,,,,,
20220210754,4/30/2022,TRUE,FALSE,FALSE,FALSE,Front to Rear,CLEAR,DAYLIGHT,MIDTOW,,,,,,,
20220210757,4/30/2022,FALSE,FALSE,FALSE,FALSE,ANGLE,CLEAR,DAYLIGHT,CENTRA,,,,,,,
20220210761,4/30/2022,FALSE,FALSE,FALSE,FALSE,Front to Rear,CLEAR,DAYLIGHT,HERMIT,,,,,,,
20220210797,4/30/2022,FALSE,FALSE,TRUE,FALSE,NOT COLLISION W/MOTOR VEHICLE-TRANSPORT,CLEAR,DAYLIGHT,NORTH,,,,,,,
20220210798,4/30/2022,FALSE,FALSE,FALSE,FALSE,Front to Rear,CLEAR,DAYLIGHT,HERMIT,,,,,,,
20220210813,4/30/2022,TRUE,FALSE,FALSE,FALSE,ANGLE,CLOUDY,DAYLIGHT,MADISO,,,,,,,
20220210816,4/30/2022,FALSE,FALSE,FALSE,TRUE,NOT COLLISION W/MOTOR VEHICLE-TRANSPORT,CLEAR,DAYLIGHT,MADISO,,,,,,,
20220210830,4/30/2022,FALSE,FALSE,FALSE,FALSE,SIDESWIPE - OPPOSITE DIRECTION,CLOUDY,DAYLIGHT,SOUTH,,,,,,,
20220210846,4/30/2022,TRUE,FALSE,FALSE,FALSE,NOT COLLISION W/MOTOR VEHICLE-TRANSPORT,CLEAR,DAYLIGHT,EAST,,,,,,,
20220210856,4/30/2022,TRUE,FALSE,FALSE,TRUE,NOT COLLISION W/MOTOR VEHICLE-TRANSPORT,CLEAR,DAYLIGHT,NORTH,,,,,,,
20220210863,4/30/2022,FALSE,FALSE,FALSE,FALSE,Front to Rear,CLEAR,DAYLIGHT,SOUTH,,,,,,,
20220210894,4/30/2022,TRUE,FALSE,FALSE,FALSE,HEAD-ON,CLEAR,DAYLIGHT,MADISO,,,,,,,
20220210895,4/30/2022,FALSE,FALSE,FALSE,FALSE,SIDESWIPE - SAME DIRECTION,CLEAR,DAYLIGHT,MIDTOW,,,,,,,
20220210904,4/30/2022,TRUE,FALSE,FALSE,FALSE,Front to Rear,CLEAR,DAYLIGHT,HERMIT,,,,,,,
20220210912,4/30/2022,FALSE,FALSE,FALSE,TRUE,OTHER,CLEAR,DAYLIGHT,NORTH,,,,,,,
20220210939,4/30/2022,TRUE,FALSE,FALSE,FALSE,ANGLE,CLEAR,DAYLIGHT,MIDTOW,,,,,,,
20220210990,4/30/2022,TRUE,FALSE,FALSE,FALSE,Front to Rear,CLEAR,DAYLIGHT,HERMIT,,,,,,,
20220211009,4/30/2022,TRUE,FALSE,FALSE,TRUE,Front to Rear,CLEAR,DAYLIGHT,HERMIT,,,,,,,
20220211029,4/30/2022,FALSE,FALSE,FALSE,FALSE,ANGLE,CLEAR,DAYLIGHT,SOUTH,,,,,,,
20220211055,4/30/2022,FALSE,FALSE,FALSE,FALSE,SIDESWIPE - SAME DIRECTION,CLEAR,DAYLIGHT,WEST,,,,,,,
20220211056,4/30/2022,TRUE,FALSE,FALSE,TRUE,Front to Rear,CLEAR,DAYLIGHT,NORTH,,,,,,,
20220211070,4/30/2022,TRUE,FALSE,FALSE,TRUE,SIDESWIPE - OPPOSITE DIRECTION,CLEAR,DAYLIGHT,SOUTH,,,,,,,
20220211108,4/30/2022,FALSE,FALSE,FALSE,FALSE,ANGLE,CLOUDY,DUSK,SOUTH,,,,,,,
20220211115,4/30/2022,TRUE,FALSE,FALSE,FALSE,ANGLE,CLEAR,DAYLIGHT,MADISO,,,,,,,
20220211137,4/30/2022,FALSE,FALSE,FALSE,TRUE,Front to Rear,CLEAR,DUSK,MADISO,,,,,,,
20220211180,4/30/2022,TRUE,FALSE,FALSE,FALSE,NOT COLLISION W/MOTOR VEHICLE-TRANSPORT,CLEAR,DARK - LIGHTED,CENTRA,,,,,,,
20220211239,4/30/2022,FALSE,FALSE,FALSE,TRUE,ANGLE,CLEAR,DARK - LIGHTED,NORTH,,,,,,,
20220211242,4/30/2022,FALSE,FALSE,FALSE,TRUE,Front to Rear,CLEAR,DARK - LIGHTED,SOUTH,,,,,,,
20220211258,4/30/2022,TRUE,FALSE,FALSE,FALSE,Front to Rear,CLEAR,DARK - LIGHTED,SOUTH,,,,,,,
20220211278,4/30/2022,FALSE,FALSE,FALSE,FALSE,ANGLE,CLEAR,DARK - LIGHTED,NORTH,,,,,,,
20220211291,4/30/2022,FALSE,FALSE,FALSE,TRUE,ANGLE,CLEAR,DARK - LIGHTED,SOUTH,,,,,,,
20220211372,4/30/2022,TRUE,FALSE,FALSE,FALSE,ANGLE,CLEAR,DARK - LIGHTED,CENTRA,,,,,,,
20220211473,4/30/2022,FALSE,FALSE,TRUE,FALSE,NOT COLLISION W/MOTOR VEHICLE-TRANSPORT,CLEAR,DARK - LIGHTED,EAST,,,,,,,
20220211630,5/1/2022,TRUE,FALSE,FALSE,TRUE,HEAD-ON,CLEAR,DARK - LIGHTED,SOUTH,,,,,,,
20220211685,5/1/2022,TRUE,FALSE,FALSE,TRUE,HEAD-ON,RAIN,DARK - LIGHTED,MADISO,,,,,,,
20220211687,5/1/2022,FALSE,FALSE,FALSE,FALSE,NOT COLLISION W/MOTOR VEHICLE-TRANSPORT,RAIN,DARK - LIGHTED,HERMIT,,,,,,,
20220211705,5/1/2022,FALSE,FALSE,FALSE,TRUE,Front to Rear,RAIN,DARK - LIGHTED,SOUTH,,,,,,,
20220211733,5/1/2022,TRUE,FALSE,FALSE,FALSE,OTHER,CLOUDY,DARK - LIGHTED,HERMIT,,,,,,,
20220211847,5/1/2022,FALSE,FALSE,FALSE,FALSE,SIDESWIPE - SAME DIRECTION,RAIN,DAYLIGHT,HERMIT,,,,,,,
20220211943,5/1/2022,FALSE,FALSE,FALSE,FALSE,ANGLE,CLEAR,DAYLIGHT,CENTRA,,,,,,,
20220212042,5/1/2022,FALSE,FALSE,FALSE,FALSE,Front to Rear,CLEAR,DAYLIGHT,MADISO,,,,,,,
20220212091,5/1/2022,TRUE,FALSE,FALSE,FALSE,ANGLE,CLEAR,DAYLIGHT,CENTRA,,,,,,,
20220212137,5/1/2022,TRUE,FALSE,FALSE,FALSE,ANGLE,CLEAR,DAYLIGHT,HERMIT,,,,,,,
20220212153,5/1/2022,FALSE,FALSE,FALSE,FALSE,Front to Rear,CLEAR,DAYLIGHT,EAST,,,,,,,
20220212175,5/1/2022,TRUE,FALSE,FALSE,FALSE,HEAD-ON,CLEAR,DAYLIGHT,NORTH,,,,,,,
20220212211,5/1/2022,FALSE,FALSE,FALSE,TRUE,ANGLE,CLEAR,DAYLIGHT,WEST,,,,,,,
20220212222,5/1/2022,TRUE,FALSE,TRUE,FALSE,NOT COLLISION W/MOTOR VEHICLE-TRANSPORT,CLEAR,DAYLIGHT,NORTH,,,,,,,
20220212234,5/1/2022,FALSE,FALSE,FALSE,FALSE,ANGLE,CLEAR,DAYLIGHT,SOUTH,,,,,,,
20220212248,5/1/2022,TRUE,FALSE,FALSE,FALSE,ANGLE,CLEAR,DAYLIGHT,NORTH,,,,,,,
20220212278,5/1/2022,TRUE,FALSE,FALSE,FALSE,HEAD-ON,CLEAR,DAYLIGHT,EAST,,,,,,,
20220212325,5/1/2022,TRUE,FALSE,FALSE,FALSE,Front to Rear,CLEAR,DAYLIGHT,SOUTH,,,,,,,
20220212397,5/1/2022,FALSE,FALSE,FALSE,FALSE,SIDESWIPE - SAME DIRECTION,CLEAR,DAYLIGHT,SOUTH,,,,,,,
20220212418,5/1/2022,TRUE,FALSE,FALSE,FALSE,ANGLE,CLEAR,DAYLIGHT,MIDTOW,,,,,,,
20220212421,5/1/2022,FALSE,FALSE,FALSE,TRUE,Front to Rear,CLEAR,DAYLIGHT,CENTRA,,,,,,,
20220212534,5/1/2022,FALSE,FALSE,FALSE,FALSE,Front to Rear,CLEAR,DAYLIGHT,MIDTOW,,,,,,,
20220212567,5/1/2022,FALSE,FALSE,FALSE,TRUE,SIDESWIPE - OPPOSITE DIRECTION,RAIN,Dark-Unknown Lighting,EAST,,,,,,,
20220212569,5/1/2022,FALSE,FALSE,FALSE,FALSE,ANGLE,CLEAR,DAYLIGHT,MADISO,,,,,,,
20220212600,5/1/2022,FALSE,FALSE,FALSE,FALSE,SIDESWIPE - SAME DIRECTION,CLEAR,DAYLIGHT,NORTH,,,,,,,
20220212610,5/1/2022,FALSE,FALSE,FALSE,FALSE,Front to Rear,CLEAR,DAYLIGHT,NORTH,,,,,,,
20220212640,5/1/2022,TRUE,FALSE,FALSE,TRUE,Front to Rear,CLEAR,DAWN,CENTRA,,,,,,,
20220212641,5/1/2022,TRUE,FALSE,FALSE,FALSE,ANGLE,CLEAR,DARK - LIGHTED,EAST,,,,,,,
20220212659,5/1/2022,TRUE,FALSE,FALSE,TRUE,NOT COLLISION W/MOTOR VEHICLE-TRANSPORT,CLEAR,DAYLIGHT,CENTRA,,,,,,,
20220212735,5/1/2022,FALSE,FALSE,FALSE,FALSE,SIDESWIPE - SAME DIRECTION,CLEAR,DARK - NOT LIGHTED,CENTRA,,,,,,,
20220212756,5/1/2022,TRUE,FALSE,FALSE,FALSE,HEAD-ON,CLEAR,DARK - NOT LIGHTED,MADISO,,,,,,,
20220212812,5/1/2022,FALSE,FALSE,FALSE,TRUE,Front to Rear,CLEAR,DARK - LIGHTED,MIDTOW,,,,,,,
20220212875,5/1/2022,FALSE,FALSE,FALSE,FALSE,Front to Rear,CLEAR,DARK - NOT LIGHTED,SOUTH,,,,,,,
20220212976,5/1/2022,FALSE,FALSE,FALSE,TRUE,SIDESWIPE - SAME DIRECTION,CLEAR,DARK - LIGHTED,MIDTOW,,,,,,,
20220213132,5/2/2022,FALSE,FALSE,FALSE,TRUE,OTHER,CLEAR,DARK - LIGHTED,WEST,,,,,,,
20220213157,5/1/2022,FALSE,FALSE,FALSE,TRUE,OTHER,CLEAR,DAYLIGHT,HERMIT,,,,,,,
20220213158,4/11/2022,TRUE,FALSE,FALSE,FALSE,Front to Rear,CLEAR,DAYLIGHT,CENTRA,,,,,,,
20220213165,5/2/2022,FALSE,FALSE,FALSE,TRUE,NOT COLLISION W/MOTOR VEHICLE-TRANSPORT,CLEAR,DARK - LIGHTED,HERMIT,,,,,,,
20220213201,5/2/2022,FALSE,FALSE,FALSE,FALSE,NOT COLLISION W/MOTOR VEHICLE-TRANSPORT,CLEAR,DARK - NOT LIGHTED,NORTH,,,,,,,
20220213289,5/2/2022,TRUE,FALSE,FALSE,FALSE,Front to Rear,CLEAR,DAYLIGHT,HERMIT,,,,,,,
20220213339,5/2/2022,FALSE,FALSE,TRUE,TRUE,NOT COLLISION W/MOTOR VEHICLE-TRANSPORT,CLEAR,DAWN,SOUTH,,,,,,,
20220213417,5/2/2022,FALSE,FALSE,FALSE,FALSE,ANGLE,CLEAR,DAYLIGHT,SOUTH,,,,,,,
20220213477,5/2/2022,FALSE,FALSE,FALSE,FALSE,SIDESWIPE - SAME DIRECTION,CLEAR,DAYLIGHT,MIDTOW,,,,,,,
20220213489,5/2/2022,FALSE,FALSE,FALSE,TRUE,Front to Rear,CLEAR,DAYLIGHT,CENTRA,,,,,,,
20220213500,5/2/2022,TRUE,FALSE,FALSE,FALSE,Front to Rear,CLEAR,DAYLIGHT,NORTH,,,,,,,
20220213501,5/2/2022,FALSE,FALSE,FALSE,FALSE,Front to Rear,CLEAR,DAYLIGHT,MIDTOW,,,,,,,
20220213506,5/2/2022,FALSE,FALSE,FALSE,FALSE,ANGLE,CLEAR,DAYLIGHT,WEST,,,,,,,
20220213509,5/2/2022,FALSE,FALSE,FALSE,FALSE,ANGLE,CLEAR,DAYLIGHT,SOUTH,,,,,,,
20220213602,5/2/2022,FALSE,FALSE,FALSE,FALSE,Front to Rear,CLEAR,DAYLIGHT,SOUTH,,,,,,,
20220213615,5/2/2022,FALSE,FALSE,FALSE,TRUE,Front to Rear,CLEAR,DAYLIGHT,SOUTH,,,,,,,
20220213646,5/2/2022,FALSE,FALSE,FALSE,FALSE,Front to Rear,CLEAR,DAYLIGHT,HERMIT,,,,,,,
20220213662,5/2/2022,FALSE,FALSE,FALSE,FALSE,Front to Rear,CLEAR,DAYLIGHT,SOUTH,,,,,,,
20220213676,5/2/2022,TRUE,FALSE,FALSE,FALSE,Front to Rear,CLEAR,DAYLIGHT,SOUTH,,,,,,,
20220213760,5/1/2022,FALSE,FALSE,FALSE,TRUE,Front to Rear,CLEAR,DARK - LIGHTED,SOUTH,,,,,,,
20220213769,5/2/2022,TRUE,FALSE,FALSE,FALSE,Front to Rear,CLEAR,DAYLIGHT,EAST,,,,,,,
20220213937,5/2/2022,TRUE,FALSE,FALSE,FALSE,ANGLE,CLEAR,DAYLIGHT,EAST,,,,,,,
20220213942,4/30/2022,FALSE,FALSE,TRUE,TRUE,NOT COLLISION W/MOTOR VEHICLE-TRANSPORT,CLEAR,DAYLIGHT,NORTH,,,,,,,
20220213952,5/2/2022,FALSE,FALSE,FALSE,FALSE,Front to Rear,CLEAR,DAYLIGHT,NORTH,,,,,,,
20220213992,5/2/2022,FALSE,FALSE,FALSE,FALSE,ANGLE,CLEAR,DAYLIGHT,MIDTOW,,,,,,,
20220214089,5/2/2022,TRUE,FALSE,FALSE,FALSE,ANGLE,CLEAR,DAYLIGHT,WEST,,,,,,,
20220214156,5/2/2022,TRUE,FALSE,FALSE,FALSE,Front to Rear,CLEAR,DAYLIGHT,NORTH,,,,,,,
20220214162,5/2/2022,TRUE,FALSE,FALSE,FALSE,Front to Rear,CLEAR,DAYLIGHT,WEST,,,,,,,
20220214243,5/2/2022,FALSE,FALSE,FALSE,TRUE,Front to Rear,CLEAR,DAYLIGHT,EAST,,,,,,,
20220214250,5/2/2022,TRUE,FALSE,TRUE,TRUE,ANGLE,CLEAR,DAYLIGHT,MADISO,,,,,,,
20220214261,5/2/2022,TRUE,FALSE,FALSE,FALSE,Front to Rear,CLEAR,DAYLIGHT,WEST,,,,,,,
20220214290,5/2/2022,TRUE,FALSE,FALSE,FALSE,Front to Rear,CLEAR,DAYLIGHT,HERMIT,,,,,,,
20220214300,5/2/2022,TRUE,FALSE,TRUE,FALSE,SIDESWIPE - SAME DIRECTION,CLEAR,DAYLIGHT,MADISO,,,,,,,